INFO:     Started server process [1416]
INFO:     Waiting for application startup.
INFO:app.main:MinIO buckets ensured
INFO:     Application startup complete.
INFO:     Uvicorn running on http://0.0.0.0:8000 (Press CTRL+C to quit)
INFO:pyscenedetect:Downscale factor set to 3, effective resolution: 256 x 144
INFO:pyscenedetect:Detecting scenes...
INFO:app.video.scene_detection:No scene changes detected; using fallback splitting
INFO:pyscenedetect:Downscale factor set to 7, effective resolution: 274 x 154
INFO:pyscenedetect:Detecting scenes...
INFO:app.video.scene_detection:No scene changes detected; using fallback splitting
INFO:pyscenedetect:Downscale factor set to 3, effective resolution: 256 x 144
INFO:pyscenedetect:Detecting scenes...
INFO:app.video.scene_detection:No scene changes detected; using fallback splitting
INFO:pyscenedetect:Downscale factor set to 3, effective resolution: 256 x 144
INFO:pyscenedetect:Detecting scenes...
INFO:app.video.scene_detection:No scene changes detected; using fallback splitting
INFO:pyscenedetect:Downscale factor set to 2, effective resolution: 320 x 180
INFO:pyscenedetect:Detecting scenes...
INFO:app.video.scene_detection:No scene changes detected; using fallback splitting
INFO:httpx:HTTP Request: GET http://localhost:6333/collections "HTTP/1.1 200 OK"
INFO:httpx:HTTP Request: GET http://localhost:6333/collections "HTTP/1.1 200 OK"
INFO:httpx:HTTP Request: GET http://localhost:6333/collections "HTTP/1.1 200 OK"
INFO:httpx:HTTP Request: POST http://localhost:6333/collections/video_evidence/points/search "HTTP/1.1 200 OK"
INFO:httpx:HTTP Request: GET http://localhost:6333/collections "HTTP/1.1 200 OK"
INFO:httpx:HTTP Request: GET http://localhost:6333/collections "HTTP/1.1 200 OK"
INFO:httpx:HTTP Request: POST http://localhost:6333/collections/video_evidence/points/search "HTTP/1.1 200 OK"
INFO:httpx:HTTP Request: GET http://localhost:6333/collections "HTTP/1.1 200 OK"
INFO:httpx:HTTP Request: GET http://localhost:6333/collections "HTTP/1.1 200 OK"
INFO:httpx:HTTP Request: POST http://localhost:6333/collections/video_evidence/points/search "HTTP/1.1 200 OK"
INFO:httpx:HTTP Request: GET http://localhost:6333/collections "HTTP/1.1 200 OK"
INFO:httpx:HTTP Request: GET http://localhost:6333/collections "HTTP/1.1 200 OK"
INFO:httpx:HTTP Request: POST http://localhost:6333/collections/video_evidence/points/search "HTTP/1.1 200 OK"
INFO:app.live.video_feeder:Video file feeder started camera=8 file=D:\Github\Generative-Ai\AI Forensic Investigation System\ai-forensic-investigation\backend\data\demo_investigation\videos\demo_video_02_street_persons_bikes.mp4
INFO:app.detection.engine:Loaded YOLO model path=yolov8n.pt device=cpu imgsz=640 classes=80 (load 281 ms)
INFO:app.live.manager:Tracking pipeline started camera=8
INFO:app.vlm.session:VLM session started camera=8
INFO:app.live.manager:VLM session started camera=8
INFO:app.live.manager:Evidence capture started camera=8
INFO:app.live.manager:Detection pipeline started camera=8 transport=file
INFO:httpx:HTTP Request: GET http://localhost:6333/collections "HTTP/1.1 200 OK"
INFO:httpx:HTTP Request: GET http://localhost:6333/collections "HTTP/1.1 200 OK"
INFO:httpx:HTTP Request: PUT http://localhost:6333/collections/video_evidence/points?wait=true "HTTP/1.1 200 OK"
INFO:httpx:HTTP Request: GET http://localhost:6333/collections "HTTP/1.1 200 OK"
INFO:httpx:HTTP Request: GET http://localhost:6333/collections "HTTP/1.1 200 OK"
INFO:httpx:HTTP Request: PUT http://localhost:6333/collections/video_evidence/points?wait=true "HTTP/1.1 200 OK"
INFO:httpx:HTTP Request: GET http://localhost:6333/collections "HTTP/1.1 200 OK"
INFO:httpx:HTTP Request: GET http://localhost:6333/collections "HTTP/1.1 200 OK"
INFO:httpx:HTTP Request: PUT http://localhost:6333/collections/video_evidence/points?wait=true "HTTP/1.1 200 OK"
INFO:httpx:HTTP Request: GET http://localhost:6333/collections "HTTP/1.1 200 OK"
INFO:httpx:HTTP Request: GET http://localhost:6333/collections "HTTP/1.1 200 OK"
INFO:httpx:HTTP Request: PUT http://localhost:6333/collections/video_evidence/points?wait=true "HTTP/1.1 200 OK"
INFO:app.live.video_feeder:Video file feeder reached EOF camera=8
INFO:app.live.video_feeder:Video file feeder stopped camera=8
INFO:httpx:HTTP Request: GET http://localhost:6333/collections "HTTP/1.1 200 OK"
INFO:httpx:HTTP Request: GET http://localhost:6333/collections "HTTP/1.1 200 OK"
INFO:httpx:HTTP Request: POST http://localhost:6333/collections/video_evidence/points/search "HTTP/1.1 200 OK"
INFO:httpx:HTTP Request: GET http://localhost:6333/collections "HTTP/1.1 200 OK"
INFO:httpx:HTTP Request: GET http://localhost:6333/collections "HTTP/1.1 200 OK"
INFO:httpx:HTTP Request: POST http://localhost:6333/collections/video_evidence/points/search "HTTP/1.1 200 OK"
INFO:httpx:HTTP Request: GET http://localhost:6333/collections "HTTP/1.1 200 OK"
INFO:httpx:HTTP Request: GET http://localhost:6333/collections "HTTP/1.1 200 OK"
INFO:httpx:HTTP Request: POST http://localhost:6333/collections/video_evidence/points/search "HTTP/1.1 200 OK"
INFO:httpx:HTTP Request: GET http://localhost:6333/collections "HTTP/1.1 200 OK"
INFO:httpx:HTTP Request: GET http://localhost:6333/collections "HTTP/1.1 200 OK"
INFO:httpx:HTTP Request: POST http://localhost:6333/collections/video_evidence/points/search "HTTP/1.1 200 OK"
INFO:app.live.video_feeder:Video file feeder started camera=8 file=D:\Github\Generative-Ai\AI Forensic Investigation System\ai-forensic-investigation\backend\data\demo_investigation\videos\demo_video_02_street_persons_bikes.mp4
INFO:app.live.manager:Tracking pipeline started camera=8
INFO:app.vlm.session:VLM session started camera=8
INFO:app.live.manager:VLM session started camera=8
INFO:app.live.manager:Evidence capture started camera=8
INFO:app.live.manager:Detection pipeline started camera=8 transport=file
INFO:httpx:HTTP Request: GET http://localhost:6333/collections "HTTP/1.1 200 OK"
INFO:httpx:HTTP Request: GET http://localhost:6333/collections "HTTP/1.1 200 OK"
INFO:httpx:HTTP Request: PUT http://localhost:6333/collections/video_evidence/points?wait=true "HTTP/1.1 200 OK"
INFO:httpx:HTTP Request: GET http://localhost:6333/collections "HTTP/1.1 200 OK"
INFO:httpx:HTTP Request: GET http://localhost:6333/collections "HTTP/1.1 200 OK"
INFO:httpx:HTTP Request: PUT http://localhost:6333/collections/video_evidence/points?wait=true "HTTP/1.1 200 OK"
INFO:httpx:HTTP Request: GET http://localhost:6333/collections "HTTP/1.1 200 OK"
INFO:httpx:HTTP Request: GET http://localhost:6333/collections "HTTP/1.1 200 OK"
INFO:httpx:HTTP Request: PUT http://localhost:6333/collections/video_evidence/points?wait=true "HTTP/1.1 200 OK"
INFO:httpx:HTTP Request: GET http://localhost:6333/collections "HTTP/1.1 200 OK"
INFO:httpx:HTTP Request: GET http://localhost:6333/collections "HTTP/1.1 200 OK"
INFO:httpx:HTTP Request: PUT http://localhost:6333/collections/video_evidence/points?wait=true "HTTP/1.1 200 OK"
INFO:app.live.video_feeder:Video file feeder reached EOF camera=8
INFO:app.live.video_feeder:Video file feeder stopped camera=8
INFO:httpx:HTTP Request: GET http://localhost:6333/collections "HTTP/1.1 200 OK"
INFO:httpx:HTTP Request: GET http://localhost:6333/collections "HTTP/1.1 200 OK"
INFO:httpx:HTTP Request: POST http://localhost:6333/collections/video_evidence/points/search "HTTP/1.1 200 OK"
INFO:httpx:HTTP Request: GET http://localhost:6333/collections "HTTP/1.1 200 OK"
INFO:httpx:HTTP Request: GET http://localhost:6333/collections "HTTP/1.1 200 OK"
INFO:httpx:HTTP Request: POST http://localhost:6333/collections/video_evidence/points/search "HTTP/1.1 200 OK"
INFO:httpx:HTTP Request: GET http://localhost:6333/collections "HTTP/1.1 200 OK"
INFO:httpx:HTTP Request: GET http://localhost:6333/collections "HTTP/1.1 200 OK"
INFO:httpx:HTTP Request: POST http://localhost:6333/collections/video_evidence/points/search "HTTP/1.1 200 OK"
INFO:httpx:HTTP Request: GET http://localhost:6333/collections "HTTP/1.1 200 OK"
INFO:httpx:HTTP Request: GET http://localhost:6333/collections "HTTP/1.1 200 OK"
INFO:httpx:HTTP Request: POST http://localhost:6333/collections/video_evidence/points/search "HTTP/1.1 200 OK"
ERROR:    Exception in ASGI application
Traceback (most recent call last):
  File "C:\Users\Lakha\AppData\Local\Programs\Python\Python311\Lib\site-packages\sqlalchemy\engine\base.py", line 1967, in _exec_single_context
    self.dialect.do_execute(
  File "C:\Users\Lakha\AppData\Local\Programs\Python\Python311\Lib\site-packages\sqlalchemy\engine\default.py", line 924, in do_execute
    cursor.execute(statement, parameters)
psycopg2.errors.UndefinedTable: relation "investigation_runs" does not exist
LINE 1: INSERT INTO investigation_runs (investigation_id, status, qu...
                    ^


The above exception was the direct cause of the following exception:

Traceback (most recent call last):
  File "C:\Users\Lakha\AppData\Local\Programs\Python\Python311\Lib\site-packages\uvicorn\protocols\http\httptools_impl.py", line 399, in run_asgi
    result = await app(  # type: ignore[func-returns-value]
             ^^^^^^^^^^^^^^^^^^^^^^^^^^^^^^^^^^^^^^^^^^^^^^
  File "C:\Users\Lakha\AppData\Local\Programs\Python\Python311\Lib\site-packages\uvicorn\middleware\proxy_headers.py", line 70, in __call__
    return await self.app(scope, receive, send)
           ^^^^^^^^^^^^^^^^^^^^^^^^^^^^^^^^^^^^
  File "C:\Users\Lakha\AppData\Local\Programs\Python\Python311\Lib\site-packages\fastapi\applications.py", line 1054, in __call__
    await super().__call__(scope, receive, send)
  File "C:\Users\Lakha\AppData\Local\Programs\Python\Python311\Lib\site-packages\starlette\applications.py", line 123, in __call__
    await self.middleware_stack(scope, receive, send)
  File "C:\Users\Lakha\AppData\Local\Programs\Python\Python311\Lib\site-packages\starlette\middleware\errors.py", line 186, in __call__
    raise exc
  File "C:\Users\Lakha\AppData\Local\Programs\Python\Python311\Lib\site-packages\starlette\middleware\errors.py", line 164, in __call__
    await self.app(scope, receive, _send)
  File "C:\Users\Lakha\AppData\Local\Programs\Python\Python311\Lib\site-packages\starlette\middleware\cors.py", line 85, in __call__
    await self.app(scope, receive, send)
  File "C:\Users\Lakha\AppData\Local\Programs\Python\Python311\Lib\site-packages\starlette\middleware\exceptions.py", line 65, in __call__
    await wrap_app_handling_exceptions(self.app, conn)(scope, receive, send)
  File "C:\Users\Lakha\AppData\Local\Programs\Python\Python311\Lib\site-packages\starlette\_exception_handler.py", line 64, in wrapped_app
    raise exc
  File "C:\Users\Lakha\AppData\Local\Programs\Python\Python311\Lib\site-packages\starlette\_exception_handler.py", line 53, in wrapped_app
    await app(scope, receive, sender)
  File "C:\Users\Lakha\AppData\Local\Programs\Python\Python311\Lib\site-packages\starlette\routing.py", line 756, in __call__
    await self.middleware_stack(scope, receive, send)
  File "C:\Users\Lakha\AppData\Local\Programs\Python\Python311\Lib\site-packages\starlette\routing.py", line 776, in app
    await route.handle(scope, receive, send)
  File "C:\Users\Lakha\AppData\Local\Programs\Python\Python311\Lib\site-packages\starlette\routing.py", line 297, in handle
    await self.app(scope, receive, send)
  File "C:\Users\Lakha\AppData\Local\Programs\Python\Python311\Lib\site-packages\starlette\routing.py", line 77, in app
    await wrap_app_handling_exceptions(app, request)(scope, receive, send)
  File "C:\Users\Lakha\AppData\Local\Programs\Python\Python311\Lib\site-packages\starlette\_exception_handler.py", line 64, in wrapped_app
    raise exc
  File "C:\Users\Lakha\AppData\Local\Programs\Python\Python311\Lib\site-packages\starlette\_exception_handler.py", line 53, in wrapped_app
    await app(scope, receive, sender)
  File "C:\Users\Lakha\AppData\Local\Programs\Python\Python311\Lib\site-packages\starlette\routing.py", line 72, in app
    response = await func(request)
               ^^^^^^^^^^^^^^^^^^^
  File "C:\Users\Lakha\AppData\Local\Programs\Python\Python311\Lib\site-packages\fastapi\routing.py", line 278, in app
    raw_response = await run_endpoint_function(
                   ^^^^^^^^^^^^^^^^^^^^^^^^^^^^
  File "C:\Users\Lakha\AppData\Local\Programs\Python\Python311\Lib\site-packages\fastapi\routing.py", line 193, in run_endpoint_function
    return await run_in_threadpool(dependant.call, **values)
           ^^^^^^^^^^^^^^^^^^^^^^^^^^^^^^^^^^^^^^^^^^^^^^^^^
  File "C:\Users\Lakha\AppData\Local\Programs\Python\Python311\Lib\site-packages\starlette\concurrency.py", line 42, in run_in_threadpool
    return await anyio.to_thread.run_sync(func, *args)
           ^^^^^^^^^^^^^^^^^^^^^^^^^^^^^^^^^^^^^^^^^^^
  File "C:\Users\Lakha\AppData\Local\Programs\Python\Python311\Lib\site-packages\anyio\to_thread.py", line 65, in run_sync
    return await get_async_backend().run_sync_in_worker_thread(
           ^^^^^^^^^^^^^^^^^^^^^^^^^^^^^^^^^^^^^^^^^^^^^^^^^^^^
  File "C:\Users\Lakha\AppData\Local\Programs\Python\Python311\Lib\site-packages\anyio\_backends\_asyncio.py", line 2706, in run_sync_in_worker_thread
    return await future
           ^^^^^^^^^^^^
  File "C:\Users\Lakha\AppData\Local\Programs\Python\Python311\Lib\site-packages\anyio\_backends\_asyncio.py", line 1100, in run
    result = context.run(func, *args)
             ^^^^^^^^^^^^^^^^^^^^^^^^
  File "D:\Github\Generative-Ai\AI Forensic Investigation System\ai-forensic-investigation\backend\app\api\investigator.py", line 80, in start_investigation_run
    run = store.create_run(
          ^^^^^^^^^^^^^^^^^
  File "D:\Github\Generative-Ai\AI Forensic Investigation System\ai-forensic-investigation\backend\app\investigator\store.py", line 99, in create_run
    db.commit()
  File "C:\Users\Lakha\AppData\Local\Programs\Python\Python311\Lib\site-packages\sqlalchemy\orm\session.py", line 2017, in commit
    trans.commit(_to_root=True)
  File "<string>", line 2, in commit
  File "C:\Users\Lakha\AppData\Local\Programs\Python\Python311\Lib\site-packages\sqlalchemy\orm\state_changes.py", line 139, in _go
    ret_value = fn(self, *arg, **kw)
                ^^^^^^^^^^^^^^^^^^^^
  File "C:\Users\Lakha\AppData\Local\Programs\Python\Python311\Lib\site-packages\sqlalchemy\orm\session.py", line 1302, in commit
    self._prepare_impl()
  File "<string>", line 2, in _prepare_impl
  File "C:\Users\Lakha\AppData\Local\Programs\Python\Python311\Lib\site-packages\sqlalchemy\orm\state_changes.py", line 139, in _go
    ret_value = fn(self, *arg, **kw)
                ^^^^^^^^^^^^^^^^^^^^
  File "C:\Users\Lakha\AppData\Local\Programs\Python\Python311\Lib\site-packages\sqlalchemy\orm\session.py", line 1277, in _prepare_impl
    self.session.flush()
  File "C:\Users\Lakha\AppData\Local\Programs\Python\Python311\Lib\site-packages\sqlalchemy\orm\session.py", line 4341, in flush
    self._flush(objects)
  File "C:\Users\Lakha\AppData\Local\Programs\Python\Python311\Lib\site-packages\sqlalchemy\orm\session.py", line 4476, in _flush
    with util.safe_reraise():
  File "C:\Users\Lakha\AppData\Local\Programs\Python\Python311\Lib\site-packages\sqlalchemy\util\langhelpers.py", line 146, in __exit__
    raise exc_value.with_traceback(exc_tb)
  File "C:\Users\Lakha\AppData\Local\Programs\Python\Python311\Lib\site-packages\sqlalchemy\orm\session.py", line 4437, in _flush
    flush_context.execute()
  File "C:\Users\Lakha\AppData\Local\Programs\Python\Python311\Lib\site-packages\sqlalchemy\orm\unitofwork.py", line 466, in execute
    rec.execute(self)
  File "C:\Users\Lakha\AppData\Local\Programs\Python\Python311\Lib\site-packages\sqlalchemy\orm\unitofwork.py", line 642, in execute
    util.preloaded.orm_persistence.save_obj(
  File "C:\Users\Lakha\AppData\Local\Programs\Python\Python311\Lib\site-packages\sqlalchemy\orm\persistence.py", line 93, in save_obj
    _emit_insert_statements(
  File "C:\Users\Lakha\AppData\Local\Programs\Python\Python311\Lib\site-packages\sqlalchemy\orm\persistence.py", line 1233, in _emit_insert_statements
    result = connection.execute(
             ^^^^^^^^^^^^^^^^^^^
  File "C:\Users\Lakha\AppData\Local\Programs\Python\Python311\Lib\site-packages\sqlalchemy\engine\base.py", line 1418, in execute
    return meth(
           ^^^^^
  File "C:\Users\Lakha\AppData\Local\Programs\Python\Python311\Lib\site-packages\sqlalchemy\sql\elements.py", line 515, in _execute_on_connection
    return connection._execute_clauseelement(
           ^^^^^^^^^^^^^^^^^^^^^^^^^^^^^^^^^^
  File "C:\Users\Lakha\AppData\Local\Programs\Python\Python311\Lib\site-packages\sqlalchemy\engine\base.py", line 1640, in _execute_clauseelement
    ret = self._execute_context(
          ^^^^^^^^^^^^^^^^^^^^^^
  File "C:\Users\Lakha\AppData\Local\Programs\Python\Python311\Lib\site-packages\sqlalchemy\engine\base.py", line 1846, in _execute_context
    return self._exec_single_context(
           ^^^^^^^^^^^^^^^^^^^^^^^^^^
  File "C:\Users\Lakha\AppData\Local\Programs\Python\Python311\Lib\site-packages\sqlalchemy\engine\base.py", line 1986, in _exec_single_context
    self._handle_dbapi_exception(
  File "C:\Users\Lakha\AppData\Local\Programs\Python\Python311\Lib\site-packages\sqlalchemy\engine\base.py", line 2353, in _handle_dbapi_exception
    raise sqlalchemy_exception.with_traceback(exc_info[2]) from e
  File "C:\Users\Lakha\AppData\Local\Programs\Python\Python311\Lib\site-packages\sqlalchemy\engine\base.py", line 1967, in _exec_single_context
    self.dialect.do_execute(
  File "C:\Users\Lakha\AppData\Local\Programs\Python\Python311\Lib\site-packages\sqlalchemy\engine\default.py", line 924, in do_execute
    cursor.execute(statement, parameters)
sqlalchemy.exc.ProgrammingError: (psycopg2.errors.UndefinedTable) relation "investigation_runs" does not exist
LINE 1: INSERT INTO investigation_runs (investigation_id, status, qu...
                    ^

[SQL: INSERT INTO investigation_runs (investigation_id, status, query, classification, plan, steps, claims, result, metrics, error, created_by_user_id, started_at, completed_at, created_at) VALUES (%(investigation_id)s, %(status)s, %(query)s, %(classification)s, %(plan)s, %(steps)s, %(claims)s, %(result)s, %(metrics)s, %(error)s, %(created_by_user_id)s, %(started_at)s, %(completed_at)s, %(created_at)s) RETURNING investigation_runs.id]
[parameters: {'investigation_id': 2, 'status': 'CREATED', 'query': 'what objects and movement are visible in the street scene?', 'classification': None, 'plan': None, 'steps': None, 'claims': None, 'result': None, 'metrics': None, 'error': None, 'created_by_user_id': 5, 'started_at': None, 'completed_at': None, 'created_at': datetime.datetime(2026, 9, 12, 10, 41, 38, 923193)}]
(Background on this error at: https://sqlalche.me/e/20/f405)
ERROR:    Exception in ASGI application
Traceback (most recent call last):
  File "C:\Users\Lakha\AppData\Local\Programs\Python\Python311\Lib\site-packages\sqlalchemy\engine\base.py", line 1967, in _exec_single_context
    self.dialect.do_execute(
  File "C:\Users\Lakha\AppData\Local\Programs\Python\Python311\Lib\site-packages\sqlalchemy\engine\default.py", line 924, in do_execute
    cursor.execute(statement, parameters)
psycopg2.errors.UndefinedTable: relation "investigation_runs" does not exist
LINE 2: FROM investigation_runs 
             ^


The above exception was the direct cause of the following exception:

Traceback (most recent call last):
  File "C:\Users\Lakha\AppData\Local\Programs\Python\Python311\Lib\site-packages\uvicorn\protocols\http\httptools_impl.py", line 399, in run_asgi
    result = await app(  # type: ignore[func-returns-value]
             ^^^^^^^^^^^^^^^^^^^^^^^^^^^^^^^^^^^^^^^^^^^^^^
  File "C:\Users\Lakha\AppData\Local\Programs\Python\Python311\Lib\site-packages\uvicorn\middleware\proxy_headers.py", line 70, in __call__
    return await self.app(scope, receive, send)
           ^^^^^^^^^^^^^^^^^^^^^^^^^^^^^^^^^^^^
  File "C:\Users\Lakha\AppData\Local\Programs\Python\Python311\Lib\site-packages\fastapi\applications.py", line 1054, in __call__
    await super().__call__(scope, receive, send)
  File "C:\Users\Lakha\AppData\Local\Programs\Python\Python311\Lib\site-packages\starlette\applications.py", line 123, in __call__
    await self.middleware_stack(scope, receive, send)
  File "C:\Users\Lakha\AppData\Local\Programs\Python\Python311\Lib\site-packages\starlette\middleware\errors.py", line 186, in __call__
    raise exc
  File "C:\Users\Lakha\AppData\Local\Programs\Python\Python311\Lib\site-packages\starlette\middleware\errors.py", line 164, in __call__
    await self.app(scope, receive, _send)
  File "C:\Users\Lakha\AppData\Local\Programs\Python\Python311\Lib\site-packages\starlette\middleware\cors.py", line 85, in __call__
    await self.app(scope, receive, send)
  File "C:\Users\Lakha\AppData\Local\Programs\Python\Python311\Lib\site-packages\starlette\middleware\exceptions.py", line 65, in __call__
    await wrap_app_handling_exceptions(self.app, conn)(scope, receive, send)
  File "C:\Users\Lakha\AppData\Local\Programs\Python\Python311\Lib\site-packages\starlette\_exception_handler.py", line 64, in wrapped_app
    raise exc
  File "C:\Users\Lakha\AppData\Local\Programs\Python\Python311\Lib\site-packages\starlette\_exception_handler.py", line 53, in wrapped_app
    await app(scope, receive, sender)
  File "C:\Users\Lakha\AppData\Local\Programs\Python\Python311\Lib\site-packages\starlette\routing.py", line 756, in __call__
    await self.middleware_stack(scope, receive, send)
  File "C:\Users\Lakha\AppData\Local\Programs\Python\Python311\Lib\site-packages\starlette\routing.py", line 776, in app
    await route.handle(scope, receive, send)
  File "C:\Users\Lakha\AppData\Local\Programs\Python\Python311\Lib\site-packages\starlette\routing.py", line 297, in handle
    await self.app(scope, receive, send)
  File "C:\Users\Lakha\AppData\Local\Programs\Python\Python311\Lib\site-packages\starlette\routing.py", line 77, in app
    await wrap_app_handling_exceptions(app, request)(scope, receive, send)
  File "C:\Users\Lakha\AppData\Local\Programs\Python\Python311\Lib\site-packages\starlette\_exception_handler.py", line 64, in wrapped_app
    raise exc
  File "C:\Users\Lakha\AppData\Local\Programs\Python\Python311\Lib\site-packages\starlette\_exception_handler.py", line 53, in wrapped_app
    await app(scope, receive, sender)
  File "C:\Users\Lakha\AppData\Local\Programs\Python\Python311\Lib\site-packages\starlette\routing.py", line 72, in app
    response = await func(request)
               ^^^^^^^^^^^^^^^^^^^
  File "C:\Users\Lakha\AppData\Local\Programs\Python\Python311\Lib\site-packages\fastapi\routing.py", line 278, in app
    raw_response = await run_endpoint_function(
                   ^^^^^^^^^^^^^^^^^^^^^^^^^^^^
  File "C:\Users\Lakha\AppData\Local\Programs\Python\Python311\Lib\site-packages\fastapi\routing.py", line 193, in run_endpoint_function
    return await run_in_threadpool(dependant.call, **values)
           ^^^^^^^^^^^^^^^^^^^^^^^^^^^^^^^^^^^^^^^^^^^^^^^^^
  File "C:\Users\Lakha\AppData\Local\Programs\Python\Python311\Lib\site-packages\starlette\concurrency.py", line 42, in run_in_threadpool
    return await anyio.to_thread.run_sync(func, *args)
           ^^^^^^^^^^^^^^^^^^^^^^^^^^^^^^^^^^^^^^^^^^^
  File "C:\Users\Lakha\AppData\Local\Programs\Python\Python311\Lib\site-packages\anyio\to_thread.py", line 65, in run_sync
    return await get_async_backend().run_sync_in_worker_thread(
           ^^^^^^^^^^^^^^^^^^^^^^^^^^^^^^^^^^^^^^^^^^^^^^^^^^^^
  File "C:\Users\Lakha\AppData\Local\Programs\Python\Python311\Lib\site-packages\anyio\_backends\_asyncio.py", line 2706, in run_sync_in_worker_thread
    return await future
           ^^^^^^^^^^^^
  File "C:\Users\Lakha\AppData\Local\Programs\Python\Python311\Lib\site-packages\anyio\_backends\_asyncio.py", line 1100, in run
    result = context.run(func, *args)
             ^^^^^^^^^^^^^^^^^^^^^^^^
  File "D:\Github\Generative-Ai\AI Forensic Investigation System\ai-forensic-investigation\backend\app\api\investigator.py", line 118, in list_investigation_runs
    runs = store.list_runs(db, investigation_id)
           ^^^^^^^^^^^^^^^^^^^^^^^^^^^^^^^^^^^^^
  File "D:\Github\Generative-Ai\AI Forensic Investigation System\ai-forensic-investigation\backend\app\investigator\store.py", line 114, in list_runs
    .all()
     ^^^^^
  File "C:\Users\Lakha\AppData\Local\Programs\Python\Python311\Lib\site-packages\sqlalchemy\orm\query.py", line 2673, in all
    return self._iter().all()  # type: ignore
           ^^^^^^^^^^^^
  File "C:\Users\Lakha\AppData\Local\Programs\Python\Python311\Lib\site-packages\sqlalchemy\orm\query.py", line 2827, in _iter
    result: Union[ScalarResult[_T], Result[_T]] = self.session.execute(
                                                  ^^^^^^^^^^^^^^^^^^^^^
  File "C:\Users\Lakha\AppData\Local\Programs\Python\Python311\Lib\site-packages\sqlalchemy\orm\session.py", line 2351, in execute
    return self._execute_internal(
           ^^^^^^^^^^^^^^^^^^^^^^^
  File "C:\Users\Lakha\AppData\Local\Programs\Python\Python311\Lib\site-packages\sqlalchemy\orm\session.py", line 2236, in _execute_internal
    result: Result[Any] = compile_state_cls.orm_execute_statement(
                          ^^^^^^^^^^^^^^^^^^^^^^^^^^^^^^^^^^^^^^^^
  File "C:\Users\Lakha\AppData\Local\Programs\Python\Python311\Lib\site-packages\sqlalchemy\orm\context.py", line 293, in orm_execute_statement
    result = conn.execute(
             ^^^^^^^^^^^^^
  File "C:\Users\Lakha\AppData\Local\Programs\Python\Python311\Lib\site-packages\sqlalchemy\engine\base.py", line 1418, in execute
    return meth(
           ^^^^^
  File "C:\Users\Lakha\AppData\Local\Programs\Python\Python311\Lib\site-packages\sqlalchemy\sql\elements.py", line 515, in _execute_on_connection
    return connection._execute_clauseelement(
           ^^^^^^^^^^^^^^^^^^^^^^^^^^^^^^^^^^
  File "C:\Users\Lakha\AppData\Local\Programs\Python\Python311\Lib\site-packages\sqlalchemy\engine\base.py", line 1640, in _execute_clauseelement
    ret = self._execute_context(
          ^^^^^^^^^^^^^^^^^^^^^^
  File "C:\Users\Lakha\AppData\Local\Programs\Python\Python311\Lib\site-packages\sqlalchemy\engine\base.py", line 1846, in _execute_context
    return self._exec_single_context(
           ^^^^^^^^^^^^^^^^^^^^^^^^^^
  File "C:\Users\Lakha\AppData\Local\Programs\Python\Python311\Lib\site-packages\sqlalchemy\engine\base.py", line 1986, in _exec_single_context
    self._handle_dbapi_exception(
  File "C:\Users\Lakha\AppData\Local\Programs\Python\Python311\Lib\site-packages\sqlalchemy\engine\base.py", line 2353, in _handle_dbapi_exception
    raise sqlalchemy_exception.with_traceback(exc_info[2]) from e
  File "C:\Users\Lakha\AppData\Local\Programs\Python\Python311\Lib\site-packages\sqlalchemy\engine\base.py", line 1967, in _exec_single_context
    self.dialect.do_execute(
  File "C:\Users\Lakha\AppData\Local\Programs\Python\Python311\Lib\site-packages\sqlalchemy\engine\default.py", line 924, in do_execute
    cursor.execute(statement, parameters)
sqlalchemy.exc.ProgrammingError: (psycopg2.errors.UndefinedTable) relation "investigation_runs" does not exist
LINE 2: FROM investigation_runs 
             ^

[SQL: SELECT investigation_runs.id AS investigation_runs_id, investigation_runs.investigation_id AS investigation_runs_investigation_id, investigation_runs.status AS investigation_runs_status, investigation_runs.query AS investigation_runs_query, investigation_runs.classification AS investigation_runs_classification, investigation_runs.plan AS investigation_runs_plan, investigation_runs.steps AS investigation_runs_steps, investigation_runs.claims AS investigation_runs_claims, investigation_runs.result AS investigation_runs_result, investigation_runs.metrics AS investigation_runs_metrics, investigation_runs.error AS investigation_runs_error, investigation_runs.created_by_user_id AS investigation_runs_created_by_user_id, investigation_runs.started_at AS investigation_runs_started_at, investigation_runs.completed_at AS investigation_runs_completed_at, investigation_runs.created_at AS investigation_runs_created_at 
FROM investigation_runs 
WHERE investigation_runs.investigation_id = %(investigation_id_1)s ORDER BY investigation_runs.created_at DESC 
 LIMIT %(param_1)s]
[parameters: {'investigation_id_1': 2, 'param_1': 50}]
(Background on this error at: https://sqlalche.me/e/20/f405)
INFO:httpx:HTTP Request: GET http://localhost:6333/collections "HTTP/1.1 200 OK"
INFO:httpx:HTTP Request: GET http://localhost:6333/collections "HTTP/1.1 200 OK"
INFO:httpx:HTTP Request: POST http://localhost:6333/collections/video_evidence/points/search "HTTP/1.1 200 OK"
ERROR:    Exception in ASGI application
Traceback (most recent call last):
  File "C:\Users\Lakha\AppData\Local\Programs\Python\Python311\Lib\site-packages\uvicorn\protocols\http\httptools_impl.py", line 399, in run_asgi
    result = await app(  # type: ignore[func-returns-value]
             ^^^^^^^^^^^^^^^^^^^^^^^^^^^^^^^^^^^^^^^^^^^^^^
  File "C:\Users\Lakha\AppData\Local\Programs\Python\Python311\Lib\site-packages\uvicorn\middleware\proxy_headers.py", line 70, in __call__
    return await self.app(scope, receive, send)
           ^^^^^^^^^^^^^^^^^^^^^^^^^^^^^^^^^^^^
  File "C:\Users\Lakha\AppData\Local\Programs\Python\Python311\Lib\site-packages\fastapi\applications.py", line 1054, in __call__
    await super().__call__(scope, receive, send)
  File "C:\Users\Lakha\AppData\Local\Programs\Python\Python311\Lib\site-packages\starlette\applications.py", line 123, in __call__
    await self.middleware_stack(scope, receive, send)
  File "C:\Users\Lakha\AppData\Local\Programs\Python\Python311\Lib\site-packages\starlette\middleware\errors.py", line 186, in __call__
    raise exc
  File "C:\Users\Lakha\AppData\Local\Programs\Python\Python311\Lib\site-packages\starlette\middleware\errors.py", line 164, in __call__
    await self.app(scope, receive, _send)
  File "C:\Users\Lakha\AppData\Local\Programs\Python\Python311\Lib\site-packages\starlette\middleware\cors.py", line 85, in __call__
    await self.app(scope, receive, send)
  File "C:\Users\Lakha\AppData\Local\Programs\Python\Python311\Lib\site-packages\starlette\middleware\exceptions.py", line 65, in __call__
    await wrap_app_handling_exceptions(self.app, conn)(scope, receive, send)
  File "C:\Users\Lakha\AppData\Local\Programs\Python\Python311\Lib\site-packages\starlette\_exception_handler.py", line 64, in wrapped_app
    raise exc
  File "C:\Users\Lakha\AppData\Local\Programs\Python\Python311\Lib\site-packages\starlette\_exception_handler.py", line 53, in wrapped_app
    await app(scope, receive, sender)
  File "C:\Users\Lakha\AppData\Local\Programs\Python\Python311\Lib\site-packages\starlette\routing.py", line 756, in __call__
    await self.middleware_stack(scope, receive, send)
  File "C:\Users\Lakha\AppData\Local\Programs\Python\Python311\Lib\site-packages\starlette\routing.py", line 776, in app
    await route.handle(scope, receive, send)
  File "C:\Users\Lakha\AppData\Local\Programs\Python\Python311\Lib\site-packages\starlette\routing.py", line 297, in handle
    await self.app(scope, receive, send)
  File "C:\Users\Lakha\AppData\Local\Programs\Python\Python311\Lib\site-packages\starlette\routing.py", line 77, in app
    await wrap_app_handling_exceptions(app, request)(scope, receive, send)
  File "C:\Users\Lakha\AppData\Local\Programs\Python\Python311\Lib\site-packages\starlette\_exception_handler.py", line 64, in wrapped_app
    raise exc
  File "C:\Users\Lakha\AppData\Local\Programs\Python\Python311\Lib\site-packages\starlette\_exception_handler.py", line 53, in wrapped_app
    await app(scope, receive, sender)
  File "C:\Users\Lakha\AppData\Local\Programs\Python\Python311\Lib\site-packages\starlette\routing.py", line 72, in app
    response = await func(request)
               ^^^^^^^^^^^^^^^^^^^
  File "C:\Users\Lakha\AppData\Local\Programs\Python\Python311\Lib\site-packages\fastapi\routing.py", line 296, in app
    content = await serialize_response(
              ^^^^^^^^^^^^^^^^^^^^^^^^^
  File "C:\Users\Lakha\AppData\Local\Programs\Python\Python311\Lib\site-packages\fastapi\routing.py", line 155, in serialize_response
    raise ResponseValidationError(
fastapi.exceptions.ResponseValidationError: 56 validation errors:
  {'type': 'list_type', 'loc': ('response', 0, 'evidence_ids'), 'msg': 'Input should be a valid list', 'input': '["E-056"]'}
  {'type': 'list_type', 'loc': ('response', 1, 'evidence_ids'), 'msg': 'Input should be a valid list', 'input': '["E-F18"]'}
  {'type': 'list_type', 'loc': ('response', 2, 'evidence_ids'), 'msg': 'Input should be a valid list', 'input': '["E-F24"]'}
  {'type': 'list_type', 'loc': ('response', 3, 'evidence_ids'), 'msg': 'Input should be a valid list', 'input': '["E-F30"]'}
  {'type': 'list_type', 'loc': ('response', 4, 'evidence_ids'), 'msg': 'Input should be a valid list', 'input': '["E-F36"]'}
  {'type': 'list_type', 'loc': ('response', 5, 'evidence_ids'), 'msg': 'Input should be a valid list', 'input': '["E-F42"]'}
  {'type': 'list_type', 'loc': ('response', 6, 'evidence_ids'), 'msg': 'Input should be a valid list', 'input': '["E-F48"]'}
  {'type': 'list_type', 'loc': ('response', 7, 'evidence_ids'), 'msg': 'Input should be a valid list', 'input': '["E-F54"]'}
  {'type': 'list_type', 'loc': ('response', 8, 'evidence_ids'), 'msg': 'Input should be a valid list', 'input': '["E-057"]'}
  {'type': 'list_type', 'loc': ('response', 9, 'evidence_ids'), 'msg': 'Input should be a valid list', 'input': '["E-057"]'}
  {'type': 'list_type', 'loc': ('response', 10, 'evidence_ids'), 'msg': 'Input should be a valid list', 'input': '["E-F6"]'}
  {'type': 'list_type', 'loc': ('response', 11, 'evidence_ids'), 'msg': 'Input should be a valid list', 'input': '["E-F12"]'}
  {'type': 'list_type', 'loc': ('response', 12, 'evidence_ids'), 'msg': 'Input should be a valid list', 'input': '["E-F18"]'}
  {'type': 'list_type', 'loc': ('response', 13, 'evidence_ids'), 'msg': 'Input should be a valid list', 'input': '["E-F24"]'}
  {'type': 'list_type', 'loc': ('response', 14, 'evidence_ids'), 'msg': 'Input should be a valid list', 'input': '["E-058"]'}
  {'type': 'list_type', 'loc': ('response', 15, 'evidence_ids'), 'msg': 'Input should be a valid list', 'input': '["E-F54"]'}
  {'type': 'list_type', 'loc': ('response', 16, 'evidence_ids'), 'msg': 'Input should be a valid list', 'input': '["E-059"]'}
  {'type': 'list_type', 'loc': ('response', 17, 'evidence_ids'), 'msg': 'Input should be a valid list', 'input': '["E-F12"]'}
  {'type': 'list_type', 'loc': ('response', 18, 'evidence_ids'), 'msg': 'Input should be a valid list', 'input': '["E-F18"]'}
  {'type': 'list_type', 'loc': ('response', 19, 'evidence_ids'), 'msg': 'Input should be a valid list', 'input': '["E-F24"]'}
  {'type': 'list_type', 'loc': ('response', 20, 'evidence_ids'), 'msg': 'Input should be a valid list', 'input': '["E-F30"]'}
  {'type': 'list_type', 'loc': ('response', 21, 'evidence_ids'), 'msg': 'Input should be a valid list', 'input': '["E-F36"]'}
  {'type': 'list_type', 'loc': ('response', 22, 'evidence_ids'), 'msg': 'Input should be a valid list', 'input': '["E-F42"]'}
  {'type': 'list_type', 'loc': ('response', 23, 'evidence_ids'), 'msg': 'Input should be a valid list', 'input': '["E-F42"]'}
  {'type': 'list_type', 'loc': ('response', 24, 'evidence_ids'), 'msg': 'Input should be a valid list', 'input': '["E-F48"]'}
  {'type': 'list_type', 'loc': ('response', 25, 'evidence_ids'), 'msg': 'Input should be a valid list', 'input': '["E-F48"]'}
  {'type': 'list_type', 'loc': ('response', 26, 'evidence_ids'), 'msg': 'Input should be a valid list', 'input': '["E-061"]'}
  {'type': 'list_type', 'loc': ('response', 27, 'evidence_ids'), 'msg': 'Input should be a valid list', 'input': '["E-F18"]'}
  {'type': 'list_type', 'loc': ('response', 28, 'evidence_ids'), 'msg': 'Input should be a valid list', 'input': '["E-F24"]'}
  {'type': 'list_type', 'loc': ('response', 29, 'evidence_ids'), 'msg': 'Input should be a valid list', 'input': '["E-F24"]'}
  {'type': 'list_type', 'loc': ('response', 30, 'evidence_ids'), 'msg': 'Input should be a valid list', 'input': '["E-F30"]'}
  {'type': 'list_type', 'loc': ('response', 31, 'evidence_ids'), 'msg': 'Input should be a valid list', 'input': '["E-F30"]'}
  {'type': 'list_type', 'loc': ('response', 32, 'evidence_ids'), 'msg': 'Input should be a valid list', 'input': '["E-F36"]'}
  {'type': 'list_type', 'loc': ('response', 33, 'evidence_ids'), 'msg': 'Input should be a valid list', 'input': '["E-F36"]'}
  {'type': 'list_type', 'loc': ('response', 34, 'evidence_ids'), 'msg': 'Input should be a valid list', 'input': '["E-F42"]'}
  {'type': 'list_type', 'loc': ('response', 35, 'evidence_ids'), 'msg': 'Input should be a valid list', 'input': '["E-F42"]'}
  {'type': 'list_type', 'loc': ('response', 36, 'evidence_ids'), 'msg': 'Input should be a valid list', 'input': '["E-F48"]'}
  {'type': 'list_type', 'loc': ('response', 37, 'evidence_ids'), 'msg': 'Input should be a valid list', 'input': '["E-F48"]'}
  {'type': 'list_type', 'loc': ('response', 38, 'evidence_ids'), 'msg': 'Input should be a valid list', 'input': '["E-064"]'}
  {'type': 'list_type', 'loc': ('response', 39, 'evidence_ids'), 'msg': 'Input should be a valid list', 'input': '["E-F6"]'}
  {'type': 'list_type', 'loc': ('response', 40, 'evidence_ids'), 'msg': 'Input should be a valid list', 'input': '["E-F12"]'}
  {'type': 'list_type', 'loc': ('response', 41, 'evidence_ids'), 'msg': 'Input should be a valid list', 'input': '["E-F18"]'}
  {'type': 'list_type', 'loc': ('response', 42, 'evidence_ids'), 'msg': 'Input should be a valid list', 'input': '["E-F24"]'}
  {'type': 'list_type', 'loc': ('response', 43, 'evidence_ids'), 'msg': 'Input should be a valid list', 'input': '["E-F30"]'}
  {'type': 'list_type', 'loc': ('response', 44, 'evidence_ids'), 'msg': 'Input should be a valid list', 'input': '["E-F36"]'}
  {'type': 'list_type', 'loc': ('response', 45, 'evidence_ids'), 'msg': 'Input should be a valid list', 'input': '["E-F42"]'}
  {'type': 'list_type', 'loc': ('response', 46, 'evidence_ids'), 'msg': 'Input should be a valid list', 'input': '["E-F48"]'}
  {'type': 'list_type', 'loc': ('response', 47, 'evidence_ids'), 'msg': 'Input should be a valid list', 'input': '["E-F48"]'}
  {'type': 'list_type', 'loc': ('response', 48, 'evidence_ids'), 'msg': 'Input should be a valid list', 'input': '["E-F54"]'}
  {'type': 'list_type', 'loc': ('response', 49, 'evidence_ids'), 'msg': 'Input should be a valid list', 'input': '["E-065"]'}
  {'type': 'list_type', 'loc': ('response', 50, 'evidence_ids'), 'msg': 'Input should be a valid list', 'input': '["E-065"]'}
  {'type': 'list_type', 'loc': ('response', 51, 'evidence_ids'), 'msg': 'Input should be a valid list', 'input': '["E-065"]'}
  {'type': 'list_type', 'loc': ('response', 52, 'evidence_ids'), 'msg': 'Input should be a valid list', 'input': '["E-F6"]'}
  {'type': 'list_type', 'loc': ('response', 53, 'evidence_ids'), 'msg': 'Input should be a valid list', 'input': '["E-F6"]'}
  {'type': 'list_type', 'loc': ('response', 54, 'evidence_ids'), 'msg': 'Input should be a valid list', 'input': '["E-F6"]'}
  {'type': 'list_type', 'loc': ('response', 55, 'evidence_ids'), 'msg': 'Input should be a valid list', 'input': '["E-F12"]'}

INFO:app.live.video_feeder:Video file feeder started camera=8 file=D:\Github\Generative-Ai\AI Forensic Investigation System\ai-forensic-investigation\backend\data\demo_investigation\videos\demo_video_02_street_persons_bikes.mp4
INFO:app.live.manager:Tracking pipeline started camera=8
INFO:app.vlm.session:VLM session started camera=8
INFO:app.live.manager:VLM session started camera=8
INFO:app.live.manager:Evidence capture started camera=8
INFO:app.live.manager:Detection pipeline started camera=8 transport=file
INFO:httpx:HTTP Request: GET http://localhost:6333/collections "HTTP/1.1 200 OK"
INFO:httpx:HTTP Request: GET http://localhost:6333/collections "HTTP/1.1 200 OK"
INFO:httpx:HTTP Request: PUT http://localhost:6333/collections/video_evidence/points?wait=true "HTTP/1.1 200 OK"
INFO:httpx:HTTP Request: GET http://localhost:6333/collections "HTTP/1.1 200 OK"
INFO:httpx:HTTP Request: GET http://localhost:6333/collections "HTTP/1.1 200 OK"
INFO:httpx:HTTP Request: PUT http://localhost:6333/collections/video_evidence/points?wait=true "HTTP/1.1 200 OK"
INFO:httpx:HTTP Request: GET http://localhost:6333/collections "HTTP/1.1 200 OK"
INFO:httpx:HTTP Request: GET http://localhost:6333/collections "HTTP/1.1 200 OK"
INFO:httpx:HTTP Request: PUT http://localhost:6333/collections/video_evidence/points?wait=true "HTTP/1.1 200 OK"
INFO:httpx:HTTP Request: GET http://localhost:6333/collections "HTTP/1.1 200 OK"
INFO:httpx:HTTP Request: GET http://localhost:6333/collections "HTTP/1.1 200 OK"
INFO:httpx:HTTP Request: PUT http://localhost:6333/collections/video_evidence/points?wait=true "HTTP/1.1 200 OK"
INFO:app.live.video_feeder:Video file feeder reached EOF camera=8
INFO:app.live.video_feeder:Video file feeder stopped camera=8
INFO:httpx:HTTP Request: GET http://localhost:6333/collections "HTTP/1.1 200 OK"
INFO:httpx:HTTP Request: GET http://localhost:6333/collections "HTTP/1.1 200 OK"
INFO:httpx:HTTP Request: POST http://localhost:6333/collections/video_evidence/points/search "HTTP/1.1 200 OK"
INFO:httpx:HTTP Request: GET http://localhost:6333/collections "HTTP/1.1 200 OK"
INFO:httpx:HTTP Request: GET http://localhost:6333/collections "HTTP/1.1 200 OK"
INFO:httpx:HTTP Request: POST http://localhost:6333/collections/video_evidence/points/search "HTTP/1.1 200 OK"
INFO:httpx:HTTP Request: GET http://localhost:6333/collections "HTTP/1.1 200 OK"
INFO:httpx:HTTP Request: GET http://localhost:6333/collections "HTTP/1.1 200 OK"
INFO:httpx:HTTP Request: POST http://localhost:6333/collections/video_evidence/points/search "HTTP/1.1 200 OK"
INFO:httpx:HTTP Request: GET http://localhost:6333/collections "HTTP/1.1 200 OK"
INFO:httpx:HTTP Request: GET http://localhost:6333/collections "HTTP/1.1 200 OK"
INFO:httpx:HTTP Request: POST http://localhost:6333/collections/video_evidence/points/search "HTTP/1.1 200 OK"
ERROR:    Exception in ASGI application
Traceback (most recent call last):
  File "C:\Users\Lakha\AppData\Local\Programs\Python\Python311\Lib\site-packages\sqlalchemy\engine\base.py", line 1967, in _exec_single_context
    self.dialect.do_execute(
  File "C:\Users\Lakha\AppData\Local\Programs\Python\Python311\Lib\site-packages\sqlalchemy\engine\default.py", line 924, in do_execute
    cursor.execute(statement, parameters)
psycopg2.errors.UndefinedTable: relation "investigation_runs" does not exist
LINE 1: INSERT INTO investigation_runs (investigation_id, status, qu...
                    ^


The above exception was the direct cause of the following exception:

Traceback (most recent call last):
  File "C:\Users\Lakha\AppData\Local\Programs\Python\Python311\Lib\site-packages\uvicorn\protocols\http\httptools_impl.py", line 399, in run_asgi
    result = await app(  # type: ignore[func-returns-value]
             ^^^^^^^^^^^^^^^^^^^^^^^^^^^^^^^^^^^^^^^^^^^^^^
  File "C:\Users\Lakha\AppData\Local\Programs\Python\Python311\Lib\site-packages\uvicorn\middleware\proxy_headers.py", line 70, in __call__
    return await self.app(scope, receive, send)
           ^^^^^^^^^^^^^^^^^^^^^^^^^^^^^^^^^^^^
  File "C:\Users\Lakha\AppData\Local\Programs\Python\Python311\Lib\site-packages\fastapi\applications.py", line 1054, in __call__
    await super().__call__(scope, receive, send)
  File "C:\Users\Lakha\AppData\Local\Programs\Python\Python311\Lib\site-packages\starlette\applications.py", line 123, in __call__
    await self.middleware_stack(scope, receive, send)
  File "C:\Users\Lakha\AppData\Local\Programs\Python\Python311\Lib\site-packages\starlette\middleware\errors.py", line 186, in __call__
    raise exc
  File "C:\Users\Lakha\AppData\Local\Programs\Python\Python311\Lib\site-packages\starlette\middleware\errors.py", line 164, in __call__
    await self.app(scope, receive, _send)
  File "C:\Users\Lakha\AppData\Local\Programs\Python\Python311\Lib\site-packages\starlette\middleware\cors.py", line 85, in __call__
    await self.app(scope, receive, send)
  File "C:\Users\Lakha\AppData\Local\Programs\Python\Python311\Lib\site-packages\starlette\middleware\exceptions.py", line 65, in __call__
    await wrap_app_handling_exceptions(self.app, conn)(scope, receive, send)
  File "C:\Users\Lakha\AppData\Local\Programs\Python\Python311\Lib\site-packages\starlette\_exception_handler.py", line 64, in wrapped_app
    raise exc
  File "C:\Users\Lakha\AppData\Local\Programs\Python\Python311\Lib\site-packages\starlette\_exception_handler.py", line 53, in wrapped_app
    await app(scope, receive, sender)
  File "C:\Users\Lakha\AppData\Local\Programs\Python\Python311\Lib\site-packages\starlette\routing.py", line 756, in __call__
    await self.middleware_stack(scope, receive, send)
  File "C:\Users\Lakha\AppData\Local\Programs\Python\Python311\Lib\site-packages\starlette\routing.py", line 776, in app
    await route.handle(scope, receive, send)
  File "C:\Users\Lakha\AppData\Local\Programs\Python\Python311\Lib\site-packages\starlette\routing.py", line 297, in handle
    await self.app(scope, receive, send)
  File "C:\Users\Lakha\AppData\Local\Programs\Python\Python311\Lib\site-packages\starlette\routing.py", line 77, in app
    await wrap_app_handling_exceptions(app, request)(scope, receive, send)
  File "C:\Users\Lakha\AppData\Local\Programs\Python\Python311\Lib\site-packages\starlette\_exception_handler.py", line 64, in wrapped_app
    raise exc
  File "C:\Users\Lakha\AppData\Local\Programs\Python\Python311\Lib\site-packages\starlette\_exception_handler.py", line 53, in wrapped_app
    await app(scope, receive, sender)
  File "C:\Users\Lakha\AppData\Local\Programs\Python\Python311\Lib\site-packages\starlette\routing.py", line 72, in app
    response = await func(request)
               ^^^^^^^^^^^^^^^^^^^
  File "C:\Users\Lakha\AppData\Local\Programs\Python\Python311\Lib\site-packages\fastapi\routing.py", line 278, in app
    raw_response = await run_endpoint_function(
                   ^^^^^^^^^^^^^^^^^^^^^^^^^^^^
  File "C:\Users\Lakha\AppData\Local\Programs\Python\Python311\Lib\site-packages\fastapi\routing.py", line 193, in run_endpoint_function
    return await run_in_threadpool(dependant.call, **values)
           ^^^^^^^^^^^^^^^^^^^^^^^^^^^^^^^^^^^^^^^^^^^^^^^^^
  File "C:\Users\Lakha\AppData\Local\Programs\Python\Python311\Lib\site-packages\starlette\concurrency.py", line 42, in run_in_threadpool
    return await anyio.to_thread.run_sync(func, *args)
           ^^^^^^^^^^^^^^^^^^^^^^^^^^^^^^^^^^^^^^^^^^^
  File "C:\Users\Lakha\AppData\Local\Programs\Python\Python311\Lib\site-packages\anyio\to_thread.py", line 65, in run_sync
    return await get_async_backend().run_sync_in_worker_thread(
           ^^^^^^^^^^^^^^^^^^^^^^^^^^^^^^^^^^^^^^^^^^^^^^^^^^^^
  File "C:\Users\Lakha\AppData\Local\Programs\Python\Python311\Lib\site-packages\anyio\_backends\_asyncio.py", line 2706, in run_sync_in_worker_thread
    return await future
           ^^^^^^^^^^^^
  File "C:\Users\Lakha\AppData\Local\Programs\Python\Python311\Lib\site-packages\anyio\_backends\_asyncio.py", line 1100, in run
    result = context.run(func, *args)
             ^^^^^^^^^^^^^^^^^^^^^^^^
  File "D:\Github\Generative-Ai\AI Forensic Investigation System\ai-forensic-investigation\backend\app\api\investigator.py", line 80, in start_investigation_run
    run = store.create_run(
          ^^^^^^^^^^^^^^^^^
  File "D:\Github\Generative-Ai\AI Forensic Investigation System\ai-forensic-investigation\backend\app\investigator\store.py", line 99, in create_run
    db.commit()
  File "C:\Users\Lakha\AppData\Local\Programs\Python\Python311\Lib\site-packages\sqlalchemy\orm\session.py", line 2017, in commit
    trans.commit(_to_root=True)
  File "<string>", line 2, in commit
  File "C:\Users\Lakha\AppData\Local\Programs\Python\Python311\Lib\site-packages\sqlalchemy\orm\state_changes.py", line 139, in _go
    ret_value = fn(self, *arg, **kw)
                ^^^^^^^^^^^^^^^^^^^^
  File "C:\Users\Lakha\AppData\Local\Programs\Python\Python311\Lib\site-packages\sqlalchemy\orm\session.py", line 1302, in commit
    self._prepare_impl()
  File "<string>", line 2, in _prepare_impl
  File "C:\Users\Lakha\AppData\Local\Programs\Python\Python311\Lib\site-packages\sqlalchemy\orm\state_changes.py", line 139, in _go
    ret_value = fn(self, *arg, **kw)
                ^^^^^^^^^^^^^^^^^^^^
  File "C:\Users\Lakha\AppData\Local\Programs\Python\Python311\Lib\site-packages\sqlalchemy\orm\session.py", line 1277, in _prepare_impl
    self.session.flush()
  File "C:\Users\Lakha\AppData\Local\Programs\Python\Python311\Lib\site-packages\sqlalchemy\orm\session.py", line 4341, in flush
    self._flush(objects)
  File "C:\Users\Lakha\AppData\Local\Programs\Python\Python311\Lib\site-packages\sqlalchemy\orm\session.py", line 4476, in _flush
    with util.safe_reraise():
  File "C:\Users\Lakha\AppData\Local\Programs\Python\Python311\Lib\site-packages\sqlalchemy\util\langhelpers.py", line 146, in __exit__
    raise exc_value.with_traceback(exc_tb)
  File "C:\Users\Lakha\AppData\Local\Programs\Python\Python311\Lib\site-packages\sqlalchemy\orm\session.py", line 4437, in _flush
    flush_context.execute()
  File "C:\Users\Lakha\AppData\Local\Programs\Python\Python311\Lib\site-packages\sqlalchemy\orm\unitofwork.py", line 466, in execute
    rec.execute(self)
  File "C:\Users\Lakha\AppData\Local\Programs\Python\Python311\Lib\site-packages\sqlalchemy\orm\unitofwork.py", line 642, in execute
    util.preloaded.orm_persistence.save_obj(
  File "C:\Users\Lakha\AppData\Local\Programs\Python\Python311\Lib\site-packages\sqlalchemy\orm\persistence.py", line 93, in save_obj
    _emit_insert_statements(
  File "C:\Users\Lakha\AppData\Local\Programs\Python\Python311\Lib\site-packages\sqlalchemy\orm\persistence.py", line 1233, in _emit_insert_statements
    result = connection.execute(
             ^^^^^^^^^^^^^^^^^^^
  File "C:\Users\Lakha\AppData\Local\Programs\Python\Python311\Lib\site-packages\sqlalchemy\engine\base.py", line 1418, in execute
    return meth(
           ^^^^^
  File "C:\Users\Lakha\AppData\Local\Programs\Python\Python311\Lib\site-packages\sqlalchemy\sql\elements.py", line 515, in _execute_on_connection
    return connection._execute_clauseelement(
           ^^^^^^^^^^^^^^^^^^^^^^^^^^^^^^^^^^
  File "C:\Users\Lakha\AppData\Local\Programs\Python\Python311\Lib\site-packages\sqlalchemy\engine\base.py", line 1640, in _execute_clauseelement
    ret = self._execute_context(
          ^^^^^^^^^^^^^^^^^^^^^^
  File "C:\Users\Lakha\AppData\Local\Programs\Python\Python311\Lib\site-packages\sqlalchemy\engine\base.py", line 1846, in _execute_context
    return self._exec_single_context(
           ^^^^^^^^^^^^^^^^^^^^^^^^^^
  File "C:\Users\Lakha\AppData\Local\Programs\Python\Python311\Lib\site-packages\sqlalchemy\engine\base.py", line 1986, in _exec_single_context
    self._handle_dbapi_exception(
  File "C:\Users\Lakha\AppData\Local\Programs\Python\Python311\Lib\site-packages\sqlalchemy\engine\base.py", line 2353, in _handle_dbapi_exception
    raise sqlalchemy_exception.with_traceback(exc_info[2]) from e
  File "C:\Users\Lakha\AppData\Local\Programs\Python\Python311\Lib\site-packages\sqlalchemy\engine\base.py", line 1967, in _exec_single_context
    self.dialect.do_execute(
  File "C:\Users\Lakha\AppData\Local\Programs\Python\Python311\Lib\site-packages\sqlalchemy\engine\default.py", line 924, in do_execute
    cursor.execute(statement, parameters)
sqlalchemy.exc.ProgrammingError: (psycopg2.errors.UndefinedTable) relation "investigation_runs" does not exist
LINE 1: INSERT INTO investigation_runs (investigation_id, status, qu...
                    ^

[SQL: INSERT INTO investigation_runs (investigation_id, status, query, classification, plan, steps, claims, result, metrics, error, created_by_user_id, started_at, completed_at, created_at) VALUES (%(investigation_id)s, %(status)s, %(query)s, %(classification)s, %(plan)s, %(steps)s, %(claims)s, %(result)s, %(metrics)s, %(error)s, %(created_by_user_id)s, %(started_at)s, %(completed_at)s, %(created_at)s) RETURNING investigation_runs.id]
[parameters: {'investigation_id': 2, 'status': 'CREATED', 'query': 'what objects and movement are visible in the street scene?', 'classification': None, 'plan': None, 'steps': None, 'claims': None, 'result': None, 'metrics': None, 'error': None, 'created_by_user_id': 5, 'started_at': None, 'completed_at': None, 'created_at': datetime.datetime(2026, 9, 12, 10, 45, 6, 975849)}]
(Background on this error at: https://sqlalche.me/e/20/f405)
ERROR:    Exception in ASGI application
Traceback (most recent call last):
  File "C:\Users\Lakha\AppData\Local\Programs\Python\Python311\Lib\site-packages\sqlalchemy\engine\base.py", line 1967, in _exec_single_context
    self.dialect.do_execute(
  File "C:\Users\Lakha\AppData\Local\Programs\Python\Python311\Lib\site-packages\sqlalchemy\engine\default.py", line 924, in do_execute
    cursor.execute(statement, parameters)
psycopg2.errors.UndefinedTable: relation "investigation_runs" does not exist
LINE 2: FROM investigation_runs 
             ^


The above exception was the direct cause of the following exception:

Traceback (most recent call last):
  File "C:\Users\Lakha\AppData\Local\Programs\Python\Python311\Lib\site-packages\uvicorn\protocols\http\httptools_impl.py", line 399, in run_asgi
    result = await app(  # type: ignore[func-returns-value]
             ^^^^^^^^^^^^^^^^^^^^^^^^^^^^^^^^^^^^^^^^^^^^^^
  File "C:\Users\Lakha\AppData\Local\Programs\Python\Python311\Lib\site-packages\uvicorn\middleware\proxy_headers.py", line 70, in __call__
    return await self.app(scope, receive, send)
           ^^^^^^^^^^^^^^^^^^^^^^^^^^^^^^^^^^^^
  File "C:\Users\Lakha\AppData\Local\Programs\Python\Python311\Lib\site-packages\fastapi\applications.py", line 1054, in __call__
    await super().__call__(scope, receive, send)
  File "C:\Users\Lakha\AppData\Local\Programs\Python\Python311\Lib\site-packages\starlette\applications.py", line 123, in __call__
    await self.middleware_stack(scope, receive, send)
  File "C:\Users\Lakha\AppData\Local\Programs\Python\Python311\Lib\site-packages\starlette\middleware\errors.py", line 186, in __call__
    raise exc
  File "C:\Users\Lakha\AppData\Local\Programs\Python\Python311\Lib\site-packages\starlette\middleware\errors.py", line 164, in __call__
    await self.app(scope, receive, _send)
  File "C:\Users\Lakha\AppData\Local\Programs\Python\Python311\Lib\site-packages\starlette\middleware\cors.py", line 85, in __call__
    await self.app(scope, receive, send)
  File "C:\Users\Lakha\AppData\Local\Programs\Python\Python311\Lib\site-packages\starlette\middleware\exceptions.py", line 65, in __call__
    await wrap_app_handling_exceptions(self.app, conn)(scope, receive, send)
  File "C:\Users\Lakha\AppData\Local\Programs\Python\Python311\Lib\site-packages\starlette\_exception_handler.py", line 64, in wrapped_app
    raise exc
  File "C:\Users\Lakha\AppData\Local\Programs\Python\Python311\Lib\site-packages\starlette\_exception_handler.py", line 53, in wrapped_app
    await app(scope, receive, sender)
  File "C:\Users\Lakha\AppData\Local\Programs\Python\Python311\Lib\site-packages\starlette\routing.py", line 756, in __call__
    await self.middleware_stack(scope, receive, send)
  File "C:\Users\Lakha\AppData\Local\Programs\Python\Python311\Lib\site-packages\starlette\routing.py", line 776, in app
    await route.handle(scope, receive, send)
  File "C:\Users\Lakha\AppData\Local\Programs\Python\Python311\Lib\site-packages\starlette\routing.py", line 297, in handle
    await self.app(scope, receive, send)
  File "C:\Users\Lakha\AppData\Local\Programs\Python\Python311\Lib\site-packages\starlette\routing.py", line 77, in app
    await wrap_app_handling_exceptions(app, request)(scope, receive, send)
  File "C:\Users\Lakha\AppData\Local\Programs\Python\Python311\Lib\site-packages\starlette\_exception_handler.py", line 64, in wrapped_app
    raise exc
  File "C:\Users\Lakha\AppData\Local\Programs\Python\Python311\Lib\site-packages\starlette\_exception_handler.py", line 53, in wrapped_app
    await app(scope, receive, sender)
  File "C:\Users\Lakha\AppData\Local\Programs\Python\Python311\Lib\site-packages\starlette\routing.py", line 72, in app
    response = await func(request)
               ^^^^^^^^^^^^^^^^^^^
  File "C:\Users\Lakha\AppData\Local\Programs\Python\Python311\Lib\site-packages\fastapi\routing.py", line 278, in app
    raw_response = await run_endpoint_function(
                   ^^^^^^^^^^^^^^^^^^^^^^^^^^^^
  File "C:\Users\Lakha\AppData\Local\Programs\Python\Python311\Lib\site-packages\fastapi\routing.py", line 193, in run_endpoint_function
    return await run_in_threadpool(dependant.call, **values)
           ^^^^^^^^^^^^^^^^^^^^^^^^^^^^^^^^^^^^^^^^^^^^^^^^^
  File "C:\Users\Lakha\AppData\Local\Programs\Python\Python311\Lib\site-packages\starlette\concurrency.py", line 42, in run_in_threadpool
    return await anyio.to_thread.run_sync(func, *args)
           ^^^^^^^^^^^^^^^^^^^^^^^^^^^^^^^^^^^^^^^^^^^
  File "C:\Users\Lakha\AppData\Local\Programs\Python\Python311\Lib\site-packages\anyio\to_thread.py", line 65, in run_sync
    return await get_async_backend().run_sync_in_worker_thread(
           ^^^^^^^^^^^^^^^^^^^^^^^^^^^^^^^^^^^^^^^^^^^^^^^^^^^^
  File "C:\Users\Lakha\AppData\Local\Programs\Python\Python311\Lib\site-packages\anyio\_backends\_asyncio.py", line 2706, in run_sync_in_worker_thread
    return await future
           ^^^^^^^^^^^^
  File "C:\Users\Lakha\AppData\Local\Programs\Python\Python311\Lib\site-packages\anyio\_backends\_asyncio.py", line 1100, in run
    result = context.run(func, *args)
             ^^^^^^^^^^^^^^^^^^^^^^^^
  File "D:\Github\Generative-Ai\AI Forensic Investigation System\ai-forensic-investigation\backend\app\api\investigator.py", line 118, in list_investigation_runs
    runs = store.list_runs(db, investigation_id)
           ^^^^^^^^^^^^^^^^^^^^^^^^^^^^^^^^^^^^^
  File "D:\Github\Generative-Ai\AI Forensic Investigation System\ai-forensic-investigation\backend\app\investigator\store.py", line 114, in list_runs
    .all()
     ^^^^^
  File "C:\Users\Lakha\AppData\Local\Programs\Python\Python311\Lib\site-packages\sqlalchemy\orm\query.py", line 2673, in all
    return self._iter().all()  # type: ignore
           ^^^^^^^^^^^^
  File "C:\Users\Lakha\AppData\Local\Programs\Python\Python311\Lib\site-packages\sqlalchemy\orm\query.py", line 2827, in _iter
    result: Union[ScalarResult[_T], Result[_T]] = self.session.execute(
                                                  ^^^^^^^^^^^^^^^^^^^^^
  File "C:\Users\Lakha\AppData\Local\Programs\Python\Python311\Lib\site-packages\sqlalchemy\orm\session.py", line 2351, in execute
    return self._execute_internal(
           ^^^^^^^^^^^^^^^^^^^^^^^
  File "C:\Users\Lakha\AppData\Local\Programs\Python\Python311\Lib\site-packages\sqlalchemy\orm\session.py", line 2236, in _execute_internal
    result: Result[Any] = compile_state_cls.orm_execute_statement(
                          ^^^^^^^^^^^^^^^^^^^^^^^^^^^^^^^^^^^^^^^^
  File "C:\Users\Lakha\AppData\Local\Programs\Python\Python311\Lib\site-packages\sqlalchemy\orm\context.py", line 293, in orm_execute_statement
    result = conn.execute(
             ^^^^^^^^^^^^^
  File "C:\Users\Lakha\AppData\Local\Programs\Python\Python311\Lib\site-packages\sqlalchemy\engine\base.py", line 1418, in execute
    return meth(
           ^^^^^
  File "C:\Users\Lakha\AppData\Local\Programs\Python\Python311\Lib\site-packages\sqlalchemy\sql\elements.py", line 515, in _execute_on_connection
    return connection._execute_clauseelement(
           ^^^^^^^^^^^^^^^^^^^^^^^^^^^^^^^^^^
  File "C:\Users\Lakha\AppData\Local\Programs\Python\Python311\Lib\site-packages\sqlalchemy\engine\base.py", line 1640, in _execute_clauseelement
    ret = self._execute_context(
          ^^^^^^^^^^^^^^^^^^^^^^
  File "C:\Users\Lakha\AppData\Local\Programs\Python\Python311\Lib\site-packages\sqlalchemy\engine\base.py", line 1846, in _execute_context
    return self._exec_single_context(
           ^^^^^^^^^^^^^^^^^^^^^^^^^^
  File "C:\Users\Lakha\AppData\Local\Programs\Python\Python311\Lib\site-packages\sqlalchemy\engine\base.py", line 1986, in _exec_single_context
    self._handle_dbapi_exception(
  File "C:\Users\Lakha\AppData\Local\Programs\Python\Python311\Lib\site-packages\sqlalchemy\engine\base.py", line 2353, in _handle_dbapi_exception
    raise sqlalchemy_exception.with_traceback(exc_info[2]) from e
  File "C:\Users\Lakha\AppData\Local\Programs\Python\Python311\Lib\site-packages\sqlalchemy\engine\base.py", line 1967, in _exec_single_context
    self.dialect.do_execute(
  File "C:\Users\Lakha\AppData\Local\Programs\Python\Python311\Lib\site-packages\sqlalchemy\engine\default.py", line 924, in do_execute
    cursor.execute(statement, parameters)
sqlalchemy.exc.ProgrammingError: (psycopg2.errors.UndefinedTable) relation "investigation_runs" does not exist
LINE 2: FROM investigation_runs 
             ^

[SQL: SELECT investigation_runs.id AS investigation_runs_id, investigation_runs.investigation_id AS investigation_runs_investigation_id, investigation_runs.status AS investigation_runs_status, investigation_runs.query AS investigation_runs_query, investigation_runs.classification AS investigation_runs_classification, investigation_runs.plan AS investigation_runs_plan, investigation_runs.steps AS investigation_runs_steps, investigation_runs.claims AS investigation_runs_claims, investigation_runs.result AS investigation_runs_result, investigation_runs.metrics AS investigation_runs_metrics, investigation_runs.error AS investigation_runs_error, investigation_runs.created_by_user_id AS investigation_runs_created_by_user_id, investigation_runs.started_at AS investigation_runs_started_at, investigation_runs.completed_at AS investigation_runs_completed_at, investigation_runs.created_at AS investigation_runs_created_at 
FROM investigation_runs 
WHERE investigation_runs.investigation_id = %(investigation_id_1)s ORDER BY investigation_runs.created_at DESC 
 LIMIT %(param_1)s]
[parameters: {'investigation_id_1': 2, 'param_1': 50}]
(Background on this error at: https://sqlalche.me/e/20/f405)
INFO:httpx:HTTP Request: GET http://localhost:6333/collections "HTTP/1.1 200 OK"
INFO:httpx:HTTP Request: GET http://localhost:6333/collections "HTTP/1.1 200 OK"
INFO:httpx:HTTP Request: POST http://localhost:6333/collections/video_evidence/points/search "HTTP/1.1 200 OK"
ERROR:    Exception in ASGI application
Traceback (most recent call last):
  File "C:\Users\Lakha\AppData\Local\Programs\Python\Python311\Lib\site-packages\uvicorn\protocols\http\httptools_impl.py", line 399, in run_asgi
    result = await app(  # type: ignore[func-returns-value]
             ^^^^^^^^^^^^^^^^^^^^^^^^^^^^^^^^^^^^^^^^^^^^^^
  File "C:\Users\Lakha\AppData\Local\Programs\Python\Python311\Lib\site-packages\uvicorn\middleware\proxy_headers.py", line 70, in __call__
    return await self.app(scope, receive, send)
           ^^^^^^^^^^^^^^^^^^^^^^^^^^^^^^^^^^^^
  File "C:\Users\Lakha\AppData\Local\Programs\Python\Python311\Lib\site-packages\fastapi\applications.py", line 1054, in __call__
    await super().__call__(scope, receive, send)
  File "C:\Users\Lakha\AppData\Local\Programs\Python\Python311\Lib\site-packages\starlette\applications.py", line 123, in __call__
    await self.middleware_stack(scope, receive, send)
  File "C:\Users\Lakha\AppData\Local\Programs\Python\Python311\Lib\site-packages\starlette\middleware\errors.py", line 186, in __call__
    raise exc
  File "C:\Users\Lakha\AppData\Local\Programs\Python\Python311\Lib\site-packages\starlette\middleware\errors.py", line 164, in __call__
    await self.app(scope, receive, _send)
  File "C:\Users\Lakha\AppData\Local\Programs\Python\Python311\Lib\site-packages\starlette\middleware\cors.py", line 85, in __call__
    await self.app(scope, receive, send)
  File "C:\Users\Lakha\AppData\Local\Programs\Python\Python311\Lib\site-packages\starlette\middleware\exceptions.py", line 65, in __call__
    await wrap_app_handling_exceptions(self.app, conn)(scope, receive, send)
  File "C:\Users\Lakha\AppData\Local\Programs\Python\Python311\Lib\site-packages\starlette\_exception_handler.py", line 64, in wrapped_app
    raise exc
  File "C:\Users\Lakha\AppData\Local\Programs\Python\Python311\Lib\site-packages\starlette\_exception_handler.py", line 53, in wrapped_app
    await app(scope, receive, sender)
  File "C:\Users\Lakha\AppData\Local\Programs\Python\Python311\Lib\site-packages\starlette\routing.py", line 756, in __call__
    await self.middleware_stack(scope, receive, send)
  File "C:\Users\Lakha\AppData\Local\Programs\Python\Python311\Lib\site-packages\starlette\routing.py", line 776, in app
    await route.handle(scope, receive, send)
  File "C:\Users\Lakha\AppData\Local\Programs\Python\Python311\Lib\site-packages\starlette\routing.py", line 297, in handle
    await self.app(scope, receive, send)
  File "C:\Users\Lakha\AppData\Local\Programs\Python\Python311\Lib\site-packages\starlette\routing.py", line 77, in app
    await wrap_app_handling_exceptions(app, request)(scope, receive, send)
  File "C:\Users\Lakha\AppData\Local\Programs\Python\Python311\Lib\site-packages\starlette\_exception_handler.py", line 64, in wrapped_app
    raise exc
  File "C:\Users\Lakha\AppData\Local\Programs\Python\Python311\Lib\site-packages\starlette\_exception_handler.py", line 53, in wrapped_app
    await app(scope, receive, sender)
  File "C:\Users\Lakha\AppData\Local\Programs\Python\Python311\Lib\site-packages\starlette\routing.py", line 72, in app
    response = await func(request)
               ^^^^^^^^^^^^^^^^^^^
  File "C:\Users\Lakha\AppData\Local\Programs\Python\Python311\Lib\site-packages\fastapi\routing.py", line 296, in app
    content = await serialize_response(
              ^^^^^^^^^^^^^^^^^^^^^^^^^
  File "C:\Users\Lakha\AppData\Local\Programs\Python\Python311\Lib\site-packages\fastapi\routing.py", line 155, in serialize_response
    raise ResponseValidationError(
fastapi.exceptions.ResponseValidationError: 56 validation errors:
  {'type': 'list_type', 'loc': ('response', 0, 'evidence_ids'), 'msg': 'Input should be a valid list', 'input': '["E-056"]'}
  {'type': 'list_type', 'loc': ('response', 1, 'evidence_ids'), 'msg': 'Input should be a valid list', 'input': '["E-F18"]'}
  {'type': 'list_type', 'loc': ('response', 2, 'evidence_ids'), 'msg': 'Input should be a valid list', 'input': '["E-F24"]'}
  {'type': 'list_type', 'loc': ('response', 3, 'evidence_ids'), 'msg': 'Input should be a valid list', 'input': '["E-F30"]'}
  {'type': 'list_type', 'loc': ('response', 4, 'evidence_ids'), 'msg': 'Input should be a valid list', 'input': '["E-F36"]'}
  {'type': 'list_type', 'loc': ('response', 5, 'evidence_ids'), 'msg': 'Input should be a valid list', 'input': '["E-F42"]'}
  {'type': 'list_type', 'loc': ('response', 6, 'evidence_ids'), 'msg': 'Input should be a valid list', 'input': '["E-F48"]'}
  {'type': 'list_type', 'loc': ('response', 7, 'evidence_ids'), 'msg': 'Input should be a valid list', 'input': '["E-F54"]'}
  {'type': 'list_type', 'loc': ('response', 8, 'evidence_ids'), 'msg': 'Input should be a valid list', 'input': '["E-057"]'}
  {'type': 'list_type', 'loc': ('response', 9, 'evidence_ids'), 'msg': 'Input should be a valid list', 'input': '["E-057"]'}
  {'type': 'list_type', 'loc': ('response', 10, 'evidence_ids'), 'msg': 'Input should be a valid list', 'input': '["E-F6"]'}
  {'type': 'list_type', 'loc': ('response', 11, 'evidence_ids'), 'msg': 'Input should be a valid list', 'input': '["E-F12"]'}
  {'type': 'list_type', 'loc': ('response', 12, 'evidence_ids'), 'msg': 'Input should be a valid list', 'input': '["E-F18"]'}
  {'type': 'list_type', 'loc': ('response', 13, 'evidence_ids'), 'msg': 'Input should be a valid list', 'input': '["E-F24"]'}
  {'type': 'list_type', 'loc': ('response', 14, 'evidence_ids'), 'msg': 'Input should be a valid list', 'input': '["E-058"]'}
  {'type': 'list_type', 'loc': ('response', 15, 'evidence_ids'), 'msg': 'Input should be a valid list', 'input': '["E-F54"]'}
  {'type': 'list_type', 'loc': ('response', 16, 'evidence_ids'), 'msg': 'Input should be a valid list', 'input': '["E-059"]'}
  {'type': 'list_type', 'loc': ('response', 17, 'evidence_ids'), 'msg': 'Input should be a valid list', 'input': '["E-F12"]'}
  {'type': 'list_type', 'loc': ('response', 18, 'evidence_ids'), 'msg': 'Input should be a valid list', 'input': '["E-F18"]'}
  {'type': 'list_type', 'loc': ('response', 19, 'evidence_ids'), 'msg': 'Input should be a valid list', 'input': '["E-F24"]'}
  {'type': 'list_type', 'loc': ('response', 20, 'evidence_ids'), 'msg': 'Input should be a valid list', 'input': '["E-F30"]'}
  {'type': 'list_type', 'loc': ('response', 21, 'evidence_ids'), 'msg': 'Input should be a valid list', 'input': '["E-F36"]'}
  {'type': 'list_type', 'loc': ('response', 22, 'evidence_ids'), 'msg': 'Input should be a valid list', 'input': '["E-F42"]'}
  {'type': 'list_type', 'loc': ('response', 23, 'evidence_ids'), 'msg': 'Input should be a valid list', 'input': '["E-F42"]'}
  {'type': 'list_type', 'loc': ('response', 24, 'evidence_ids'), 'msg': 'Input should be a valid list', 'input': '["E-F48"]'}
  {'type': 'list_type', 'loc': ('response', 25, 'evidence_ids'), 'msg': 'Input should be a valid list', 'input': '["E-F48"]'}
  {'type': 'list_type', 'loc': ('response', 26, 'evidence_ids'), 'msg': 'Input should be a valid list', 'input': '["E-061"]'}
  {'type': 'list_type', 'loc': ('response', 27, 'evidence_ids'), 'msg': 'Input should be a valid list', 'input': '["E-F18"]'}
  {'type': 'list_type', 'loc': ('response', 28, 'evidence_ids'), 'msg': 'Input should be a valid list', 'input': '["E-F24"]'}
  {'type': 'list_type', 'loc': ('response', 29, 'evidence_ids'), 'msg': 'Input should be a valid list', 'input': '["E-F24"]'}
  {'type': 'list_type', 'loc': ('response', 30, 'evidence_ids'), 'msg': 'Input should be a valid list', 'input': '["E-F30"]'}
  {'type': 'list_type', 'loc': ('response', 31, 'evidence_ids'), 'msg': 'Input should be a valid list', 'input': '["E-F30"]'}
  {'type': 'list_type', 'loc': ('response', 32, 'evidence_ids'), 'msg': 'Input should be a valid list', 'input': '["E-F36"]'}
  {'type': 'list_type', 'loc': ('response', 33, 'evidence_ids'), 'msg': 'Input should be a valid list', 'input': '["E-F36"]'}
  {'type': 'list_type', 'loc': ('response', 34, 'evidence_ids'), 'msg': 'Input should be a valid list', 'input': '["E-F42"]'}
  {'type': 'list_type', 'loc': ('response', 35, 'evidence_ids'), 'msg': 'Input should be a valid list', 'input': '["E-F42"]'}
  {'type': 'list_type', 'loc': ('response', 36, 'evidence_ids'), 'msg': 'Input should be a valid list', 'input': '["E-F48"]'}
  {'type': 'list_type', 'loc': ('response', 37, 'evidence_ids'), 'msg': 'Input should be a valid list', 'input': '["E-F48"]'}
  {'type': 'list_type', 'loc': ('response', 38, 'evidence_ids'), 'msg': 'Input should be a valid list', 'input': '["E-064"]'}
  {'type': 'list_type', 'loc': ('response', 39, 'evidence_ids'), 'msg': 'Input should be a valid list', 'input': '["E-F6"]'}
  {'type': 'list_type', 'loc': ('response', 40, 'evidence_ids'), 'msg': 'Input should be a valid list', 'input': '["E-F12"]'}
  {'type': 'list_type', 'loc': ('response', 41, 'evidence_ids'), 'msg': 'Input should be a valid list', 'input': '["E-F18"]'}
  {'type': 'list_type', 'loc': ('response', 42, 'evidence_ids'), 'msg': 'Input should be a valid list', 'input': '["E-F24"]'}
  {'type': 'list_type', 'loc': ('response', 43, 'evidence_ids'), 'msg': 'Input should be a valid list', 'input': '["E-F30"]'}
  {'type': 'list_type', 'loc': ('response', 44, 'evidence_ids'), 'msg': 'Input should be a valid list', 'input': '["E-F36"]'}
  {'type': 'list_type', 'loc': ('response', 45, 'evidence_ids'), 'msg': 'Input should be a valid list', 'input': '["E-F42"]'}
  {'type': 'list_type', 'loc': ('response', 46, 'evidence_ids'), 'msg': 'Input should be a valid list', 'input': '["E-F48"]'}
  {'type': 'list_type', 'loc': ('response', 47, 'evidence_ids'), 'msg': 'Input should be a valid list', 'input': '["E-F48"]'}
  {'type': 'list_type', 'loc': ('response', 48, 'evidence_ids'), 'msg': 'Input should be a valid list', 'input': '["E-F54"]'}
  {'type': 'list_type', 'loc': ('response', 49, 'evidence_ids'), 'msg': 'Input should be a valid list', 'input': '["E-065"]'}
  {'type': 'list_type', 'loc': ('response', 50, 'evidence_ids'), 'msg': 'Input should be a valid list', 'input': '["E-065"]'}
  {'type': 'list_type', 'loc': ('response', 51, 'evidence_ids'), 'msg': 'Input should be a valid list', 'input': '["E-065"]'}
  {'type': 'list_type', 'loc': ('response', 52, 'evidence_ids'), 'msg': 'Input should be a valid list', 'input': '["E-F6"]'}
  {'type': 'list_type', 'loc': ('response', 53, 'evidence_ids'), 'msg': 'Input should be a valid list', 'input': '["E-F6"]'}
  {'type': 'list_type', 'loc': ('response', 54, 'evidence_ids'), 'msg': 'Input should be a valid list', 'input': '["E-F6"]'}
  {'type': 'list_type', 'loc': ('response', 55, 'evidence_ids'), 'msg': 'Input should be a valid list', 'input': '["E-F12"]'}

INFO:app.live.video_feeder:Video file feeder started camera=8 file=D:\Github\Generative-Ai\AI Forensic Investigation System\ai-forensic-investigation\backend\data\demo_investigation\videos\demo_video_02_street_persons_bikes.mp4
INFO:app.live.manager:Tracking pipeline started camera=8
INFO:app.vlm.session:VLM session started camera=8
INFO:app.live.manager:VLM session started camera=8
INFO:app.live.manager:Evidence capture started camera=8
INFO:app.live.manager:Detection pipeline started camera=8 transport=file
INFO:httpx:HTTP Request: GET http://localhost:6333/collections "HTTP/1.1 200 OK"
INFO:httpx:HTTP Request: GET http://localhost:6333/collections "HTTP/1.1 200 OK"
INFO:httpx:HTTP Request: PUT http://localhost:6333/collections/video_evidence/points?wait=true "HTTP/1.1 200 OK"
INFO:httpx:HTTP Request: GET http://localhost:6333/collections "HTTP/1.1 200 OK"
INFO:httpx:HTTP Request: GET http://localhost:6333/collections "HTTP/1.1 200 OK"
INFO:httpx:HTTP Request: PUT http://localhost:6333/collections/video_evidence/points?wait=true "HTTP/1.1 200 OK"
INFO:httpx:HTTP Request: GET http://localhost:6333/collections "HTTP/1.1 200 OK"
INFO:httpx:HTTP Request: GET http://localhost:6333/collections "HTTP/1.1 200 OK"
INFO:httpx:HTTP Request: PUT http://localhost:6333/collections/video_evidence/points?wait=true "HTTP/1.1 200 OK"
INFO:httpx:HTTP Request: GET http://localhost:6333/collections "HTTP/1.1 200 OK"
INFO:httpx:HTTP Request: GET http://localhost:6333/collections "HTTP/1.1 200 OK"
INFO:httpx:HTTP Request: PUT http://localhost:6333/collections/video_evidence/points?wait=true "HTTP/1.1 200 OK"
INFO:app.live.video_feeder:Video file feeder reached EOF camera=8
INFO:app.live.video_feeder:Video file feeder stopped camera=8
INFO:httpx:HTTP Request: GET http://localhost:6333/collections "HTTP/1.1 200 OK"
INFO:httpx:HTTP Request: GET http://localhost:6333/collections "HTTP/1.1 200 OK"
INFO:httpx:HTTP Request: POST http://localhost:6333/collections/video_evidence/points/search "HTTP/1.1 200 OK"
INFO:httpx:HTTP Request: GET http://localhost:6333/collections "HTTP/1.1 200 OK"
INFO:httpx:HTTP Request: GET http://localhost:6333/collections "HTTP/1.1 200 OK"
INFO:httpx:HTTP Request: POST http://localhost:6333/collections/video_evidence/points/search "HTTP/1.1 200 OK"
INFO:httpx:HTTP Request: GET http://localhost:6333/collections "HTTP/1.1 200 OK"
INFO:httpx:HTTP Request: GET http://localhost:6333/collections "HTTP/1.1 200 OK"
INFO:httpx:HTTP Request: POST http://localhost:6333/collections/video_evidence/points/search "HTTP/1.1 200 OK"
INFO:httpx:HTTP Request: GET http://localhost:6333/collections "HTTP/1.1 200 OK"
INFO:httpx:HTTP Request: GET http://localhost:6333/collections "HTTP/1.1 200 OK"
INFO:httpx:HTTP Request: POST http://localhost:6333/collections/video_evidence/points/search "HTTP/1.1 200 OK"
INFO:httpx:HTTP Request: GET http://localhost:6333/collections "HTTP/1.1 200 OK"
INFO:httpx:HTTP Request: GET http://localhost:6333/collections "HTTP/1.1 200 OK"
INFO:httpx:HTTP Request: POST http://localhost:6333/collections/video_evidence/points/search "HTTP/1.1 200 OK"
INFO:httpx:HTTP Request: GET http://localhost:6333/collections "HTTP/1.1 200 OK"
INFO:httpx:HTTP Request: GET http://localhost:6333/collections "HTTP/1.1 200 OK"
INFO:httpx:HTTP Request: POST http://localhost:6333/collections/video_evidence/points/search "HTTP/1.1 200 OK"
ERROR:    Exception in ASGI application
Traceback (most recent call last):
  File "C:\Users\Lakha\AppData\Local\Programs\Python\Python311\Lib\site-packages\uvicorn\protocols\http\httptools_impl.py", line 399, in run_asgi
    result = await app(  # type: ignore[func-returns-value]
             ^^^^^^^^^^^^^^^^^^^^^^^^^^^^^^^^^^^^^^^^^^^^^^
  File "C:\Users\Lakha\AppData\Local\Programs\Python\Python311\Lib\site-packages\uvicorn\middleware\proxy_headers.py", line 70, in __call__
    return await self.app(scope, receive, send)
           ^^^^^^^^^^^^^^^^^^^^^^^^^^^^^^^^^^^^
  File "C:\Users\Lakha\AppData\Local\Programs\Python\Python311\Lib\site-packages\fastapi\applications.py", line 1054, in __call__
    await super().__call__(scope, receive, send)
  File "C:\Users\Lakha\AppData\Local\Programs\Python\Python311\Lib\site-packages\starlette\applications.py", line 123, in __call__
    await self.middleware_stack(scope, receive, send)
  File "C:\Users\Lakha\AppData\Local\Programs\Python\Python311\Lib\site-packages\starlette\middleware\errors.py", line 186, in __call__
    raise exc
  File "C:\Users\Lakha\AppData\Local\Programs\Python\Python311\Lib\site-packages\starlette\middleware\errors.py", line 164, in __call__
    await self.app(scope, receive, _send)
  File "C:\Users\Lakha\AppData\Local\Programs\Python\Python311\Lib\site-packages\starlette\middleware\cors.py", line 85, in __call__
    await self.app(scope, receive, send)
  File "C:\Users\Lakha\AppData\Local\Programs\Python\Python311\Lib\site-packages\starlette\middleware\exceptions.py", line 65, in __call__
    await wrap_app_handling_exceptions(self.app, conn)(scope, receive, send)
  File "C:\Users\Lakha\AppData\Local\Programs\Python\Python311\Lib\site-packages\starlette\_exception_handler.py", line 64, in wrapped_app
    raise exc
  File "C:\Users\Lakha\AppData\Local\Programs\Python\Python311\Lib\site-packages\starlette\_exception_handler.py", line 53, in wrapped_app
    await app(scope, receive, sender)
  File "C:\Users\Lakha\AppData\Local\Programs\Python\Python311\Lib\site-packages\starlette\routing.py", line 756, in __call__
    await self.middleware_stack(scope, receive, send)
  File "C:\Users\Lakha\AppData\Local\Programs\Python\Python311\Lib\site-packages\starlette\routing.py", line 776, in app
    await route.handle(scope, receive, send)
  File "C:\Users\Lakha\AppData\Local\Programs\Python\Python311\Lib\site-packages\starlette\routing.py", line 297, in handle
    await self.app(scope, receive, send)
  File "C:\Users\Lakha\AppData\Local\Programs\Python\Python311\Lib\site-packages\starlette\routing.py", line 77, in app
    await wrap_app_handling_exceptions(app, request)(scope, receive, send)
  File "C:\Users\Lakha\AppData\Local\Programs\Python\Python311\Lib\site-packages\starlette\_exception_handler.py", line 64, in wrapped_app
    raise exc
  File "C:\Users\Lakha\AppData\Local\Programs\Python\Python311\Lib\site-packages\starlette\_exception_handler.py", line 53, in wrapped_app
    await app(scope, receive, sender)
  File "C:\Users\Lakha\AppData\Local\Programs\Python\Python311\Lib\site-packages\starlette\routing.py", line 72, in app
    response = await func(request)
               ^^^^^^^^^^^^^^^^^^^
  File "C:\Users\Lakha\AppData\Local\Programs\Python\Python311\Lib\site-packages\fastapi\routing.py", line 296, in app
    content = await serialize_response(
              ^^^^^^^^^^^^^^^^^^^^^^^^^
  File "C:\Users\Lakha\AppData\Local\Programs\Python\Python311\Lib\site-packages\fastapi\routing.py", line 155, in serialize_response
    raise ResponseValidationError(
fastapi.exceptions.ResponseValidationError: 56 validation errors:
  {'type': 'list_type', 'loc': ('response', 0, 'evidence_ids'), 'msg': 'Input should be a valid list', 'input': '["E-056"]'}
  {'type': 'list_type', 'loc': ('response', 1, 'evidence_ids'), 'msg': 'Input should be a valid list', 'input': '["E-F18"]'}
  {'type': 'list_type', 'loc': ('response', 2, 'evidence_ids'), 'msg': 'Input should be a valid list', 'input': '["E-F24"]'}
  {'type': 'list_type', 'loc': ('response', 3, 'evidence_ids'), 'msg': 'Input should be a valid list', 'input': '["E-F30"]'}
  {'type': 'list_type', 'loc': ('response', 4, 'evidence_ids'), 'msg': 'Input should be a valid list', 'input': '["E-F36"]'}
  {'type': 'list_type', 'loc': ('response', 5, 'evidence_ids'), 'msg': 'Input should be a valid list', 'input': '["E-F42"]'}
  {'type': 'list_type', 'loc': ('response', 6, 'evidence_ids'), 'msg': 'Input should be a valid list', 'input': '["E-F48"]'}
  {'type': 'list_type', 'loc': ('response', 7, 'evidence_ids'), 'msg': 'Input should be a valid list', 'input': '["E-F54"]'}
  {'type': 'list_type', 'loc': ('response', 8, 'evidence_ids'), 'msg': 'Input should be a valid list', 'input': '["E-057"]'}
  {'type': 'list_type', 'loc': ('response', 9, 'evidence_ids'), 'msg': 'Input should be a valid list', 'input': '["E-057"]'}
  {'type': 'list_type', 'loc': ('response', 10, 'evidence_ids'), 'msg': 'Input should be a valid list', 'input': '["E-F6"]'}
  {'type': 'list_type', 'loc': ('response', 11, 'evidence_ids'), 'msg': 'Input should be a valid list', 'input': '["E-F12"]'}
  {'type': 'list_type', 'loc': ('response', 12, 'evidence_ids'), 'msg': 'Input should be a valid list', 'input': '["E-F18"]'}
  {'type': 'list_type', 'loc': ('response', 13, 'evidence_ids'), 'msg': 'Input should be a valid list', 'input': '["E-F24"]'}
  {'type': 'list_type', 'loc': ('response', 14, 'evidence_ids'), 'msg': 'Input should be a valid list', 'input': '["E-058"]'}
  {'type': 'list_type', 'loc': ('response', 15, 'evidence_ids'), 'msg': 'Input should be a valid list', 'input': '["E-F54"]'}
  {'type': 'list_type', 'loc': ('response', 16, 'evidence_ids'), 'msg': 'Input should be a valid list', 'input': '["E-059"]'}
  {'type': 'list_type', 'loc': ('response', 17, 'evidence_ids'), 'msg': 'Input should be a valid list', 'input': '["E-F12"]'}
  {'type': 'list_type', 'loc': ('response', 18, 'evidence_ids'), 'msg': 'Input should be a valid list', 'input': '["E-F18"]'}
  {'type': 'list_type', 'loc': ('response', 19, 'evidence_ids'), 'msg': 'Input should be a valid list', 'input': '["E-F24"]'}
  {'type': 'list_type', 'loc': ('response', 20, 'evidence_ids'), 'msg': 'Input should be a valid list', 'input': '["E-F30"]'}
  {'type': 'list_type', 'loc': ('response', 21, 'evidence_ids'), 'msg': 'Input should be a valid list', 'input': '["E-F36"]'}
  {'type': 'list_type', 'loc': ('response', 22, 'evidence_ids'), 'msg': 'Input should be a valid list', 'input': '["E-F42"]'}
  {'type': 'list_type', 'loc': ('response', 23, 'evidence_ids'), 'msg': 'Input should be a valid list', 'input': '["E-F42"]'}
  {'type': 'list_type', 'loc': ('response', 24, 'evidence_ids'), 'msg': 'Input should be a valid list', 'input': '["E-F48"]'}
  {'type': 'list_type', 'loc': ('response', 25, 'evidence_ids'), 'msg': 'Input should be a valid list', 'input': '["E-F48"]'}
  {'type': 'list_type', 'loc': ('response', 26, 'evidence_ids'), 'msg': 'Input should be a valid list', 'input': '["E-061"]'}
  {'type': 'list_type', 'loc': ('response', 27, 'evidence_ids'), 'msg': 'Input should be a valid list', 'input': '["E-F18"]'}
  {'type': 'list_type', 'loc': ('response', 28, 'evidence_ids'), 'msg': 'Input should be a valid list', 'input': '["E-F24"]'}
  {'type': 'list_type', 'loc': ('response', 29, 'evidence_ids'), 'msg': 'Input should be a valid list', 'input': '["E-F24"]'}
  {'type': 'list_type', 'loc': ('response', 30, 'evidence_ids'), 'msg': 'Input should be a valid list', 'input': '["E-F30"]'}
  {'type': 'list_type', 'loc': ('response', 31, 'evidence_ids'), 'msg': 'Input should be a valid list', 'input': '["E-F30"]'}
  {'type': 'list_type', 'loc': ('response', 32, 'evidence_ids'), 'msg': 'Input should be a valid list', 'input': '["E-F36"]'}
  {'type': 'list_type', 'loc': ('response', 33, 'evidence_ids'), 'msg': 'Input should be a valid list', 'input': '["E-F36"]'}
  {'type': 'list_type', 'loc': ('response', 34, 'evidence_ids'), 'msg': 'Input should be a valid list', 'input': '["E-F42"]'}
  {'type': 'list_type', 'loc': ('response', 35, 'evidence_ids'), 'msg': 'Input should be a valid list', 'input': '["E-F42"]'}
  {'type': 'list_type', 'loc': ('response', 36, 'evidence_ids'), 'msg': 'Input should be a valid list', 'input': '["E-F48"]'}
  {'type': 'list_type', 'loc': ('response', 37, 'evidence_ids'), 'msg': 'Input should be a valid list', 'input': '["E-F48"]'}
  {'type': 'list_type', 'loc': ('response', 38, 'evidence_ids'), 'msg': 'Input should be a valid list', 'input': '["E-064"]'}
  {'type': 'list_type', 'loc': ('response', 39, 'evidence_ids'), 'msg': 'Input should be a valid list', 'input': '["E-F6"]'}
  {'type': 'list_type', 'loc': ('response', 40, 'evidence_ids'), 'msg': 'Input should be a valid list', 'input': '["E-F12"]'}
  {'type': 'list_type', 'loc': ('response', 41, 'evidence_ids'), 'msg': 'Input should be a valid list', 'input': '["E-F18"]'}
  {'type': 'list_type', 'loc': ('response', 42, 'evidence_ids'), 'msg': 'Input should be a valid list', 'input': '["E-F24"]'}
  {'type': 'list_type', 'loc': ('response', 43, 'evidence_ids'), 'msg': 'Input should be a valid list', 'input': '["E-F30"]'}
  {'type': 'list_type', 'loc': ('response', 44, 'evidence_ids'), 'msg': 'Input should be a valid list', 'input': '["E-F36"]'}
  {'type': 'list_type', 'loc': ('response', 45, 'evidence_ids'), 'msg': 'Input should be a valid list', 'input': '["E-F42"]'}
  {'type': 'list_type', 'loc': ('response', 46, 'evidence_ids'), 'msg': 'Input should be a valid list', 'input': '["E-F48"]'}
  {'type': 'list_type', 'loc': ('response', 47, 'evidence_ids'), 'msg': 'Input should be a valid list', 'input': '["E-F48"]'}
  {'type': 'list_type', 'loc': ('response', 48, 'evidence_ids'), 'msg': 'Input should be a valid list', 'input': '["E-F54"]'}
  {'type': 'list_type', 'loc': ('response', 49, 'evidence_ids'), 'msg': 'Input should be a valid list', 'input': '["E-065"]'}
  {'type': 'list_type', 'loc': ('response', 50, 'evidence_ids'), 'msg': 'Input should be a valid list', 'input': '["E-065"]'}
  {'type': 'list_type', 'loc': ('response', 51, 'evidence_ids'), 'msg': 'Input should be a valid list', 'input': '["E-065"]'}
  {'type': 'list_type', 'loc': ('response', 52, 'evidence_ids'), 'msg': 'Input should be a valid list', 'input': '["E-F6"]'}
  {'type': 'list_type', 'loc': ('response', 53, 'evidence_ids'), 'msg': 'Input should be a valid list', 'input': '["E-F6"]'}
  {'type': 'list_type', 'loc': ('response', 54, 'evidence_ids'), 'msg': 'Input should be a valid list', 'input': '["E-F6"]'}
  {'type': 'list_type', 'loc': ('response', 55, 'evidence_ids'), 'msg': 'Input should be a valid list', 'input': '["E-F12"]'}

INFO:httpx:HTTP Request: GET http://localhost:6333/collections "HTTP/1.1 200 OK"
INFO:httpx:HTTP Request: GET http://localhost:6333/collections "HTTP/1.1 200 OK"
INFO:httpx:HTTP Request: POST http://localhost:6333/collections/video_evidence/points/search "HTTP/1.1 200 OK"
ERROR:    Exception in ASGI application
Traceback (most recent call last):
  File "C:\Users\Lakha\AppData\Local\Programs\Python\Python311\Lib\site-packages\uvicorn\protocols\http\httptools_impl.py", line 399, in run_asgi
    result = await app(  # type: ignore[func-returns-value]
             ^^^^^^^^^^^^^^^^^^^^^^^^^^^^^^^^^^^^^^^^^^^^^^
  File "C:\Users\Lakha\AppData\Local\Programs\Python\Python311\Lib\site-packages\uvicorn\middleware\proxy_headers.py", line 70, in __call__
    return await self.app(scope, receive, send)
           ^^^^^^^^^^^^^^^^^^^^^^^^^^^^^^^^^^^^
  File "C:\Users\Lakha\AppData\Local\Programs\Python\Python311\Lib\site-packages\fastapi\applications.py", line 1054, in __call__
    await super().__call__(scope, receive, send)
  File "C:\Users\Lakha\AppData\Local\Programs\Python\Python311\Lib\site-packages\starlette\applications.py", line 123, in __call__
    await self.middleware_stack(scope, receive, send)
  File "C:\Users\Lakha\AppData\Local\Programs\Python\Python311\Lib\site-packages\starlette\middleware\errors.py", line 186, in __call__
    raise exc
  File "C:\Users\Lakha\AppData\Local\Programs\Python\Python311\Lib\site-packages\starlette\middleware\errors.py", line 164, in __call__
    await self.app(scope, receive, _send)
  File "C:\Users\Lakha\AppData\Local\Programs\Python\Python311\Lib\site-packages\starlette\middleware\cors.py", line 85, in __call__
    await self.app(scope, receive, send)
  File "C:\Users\Lakha\AppData\Local\Programs\Python\Python311\Lib\site-packages\starlette\middleware\exceptions.py", line 65, in __call__
    await wrap_app_handling_exceptions(self.app, conn)(scope, receive, send)
  File "C:\Users\Lakha\AppData\Local\Programs\Python\Python311\Lib\site-packages\starlette\_exception_handler.py", line 64, in wrapped_app
    raise exc
  File "C:\Users\Lakha\AppData\Local\Programs\Python\Python311\Lib\site-packages\starlette\_exception_handler.py", line 53, in wrapped_app
    await app(scope, receive, sender)
  File "C:\Users\Lakha\AppData\Local\Programs\Python\Python311\Lib\site-packages\starlette\routing.py", line 756, in __call__
    await self.middleware_stack(scope, receive, send)
  File "C:\Users\Lakha\AppData\Local\Programs\Python\Python311\Lib\site-packages\starlette\routing.py", line 776, in app
    await route.handle(scope, receive, send)
  File "C:\Users\Lakha\AppData\Local\Programs\Python\Python311\Lib\site-packages\starlette\routing.py", line 297, in handle
    await self.app(scope, receive, send)
  File "C:\Users\Lakha\AppData\Local\Programs\Python\Python311\Lib\site-packages\starlette\routing.py", line 77, in app
    await wrap_app_handling_exceptions(app, request)(scope, receive, send)
  File "C:\Users\Lakha\AppData\Local\Programs\Python\Python311\Lib\site-packages\starlette\_exception_handler.py", line 64, in wrapped_app
    raise exc
  File "C:\Users\Lakha\AppData\Local\Programs\Python\Python311\Lib\site-packages\starlette\_exception_handler.py", line 53, in wrapped_app
    await app(scope, receive, sender)
  File "C:\Users\Lakha\AppData\Local\Programs\Python\Python311\Lib\site-packages\starlette\routing.py", line 72, in app
    response = await func(request)
               ^^^^^^^^^^^^^^^^^^^
  File "C:\Users\Lakha\AppData\Local\Programs\Python\Python311\Lib\site-packages\fastapi\routing.py", line 296, in app
    content = await serialize_response(
              ^^^^^^^^^^^^^^^^^^^^^^^^^
  File "C:\Users\Lakha\AppData\Local\Programs\Python\Python311\Lib\site-packages\fastapi\routing.py", line 155, in serialize_response
    raise ResponseValidationError(
fastapi.exceptions.ResponseValidationError: 56 validation errors:
  {'type': 'list_type', 'loc': ('response', 0, 'evidence_ids'), 'msg': 'Input should be a valid list', 'input': '["E-056"]'}
  {'type': 'list_type', 'loc': ('response', 1, 'evidence_ids'), 'msg': 'Input should be a valid list', 'input': '["E-F18"]'}
  {'type': 'list_type', 'loc': ('response', 2, 'evidence_ids'), 'msg': 'Input should be a valid list', 'input': '["E-F24"]'}
  {'type': 'list_type', 'loc': ('response', 3, 'evidence_ids'), 'msg': 'Input should be a valid list', 'input': '["E-F30"]'}
  {'type': 'list_type', 'loc': ('response', 4, 'evidence_ids'), 'msg': 'Input should be a valid list', 'input': '["E-F36"]'}
  {'type': 'list_type', 'loc': ('response', 5, 'evidence_ids'), 'msg': 'Input should be a valid list', 'input': '["E-F42"]'}
  {'type': 'list_type', 'loc': ('response', 6, 'evidence_ids'), 'msg': 'Input should be a valid list', 'input': '["E-F48"]'}
  {'type': 'list_type', 'loc': ('response', 7, 'evidence_ids'), 'msg': 'Input should be a valid list', 'input': '["E-F54"]'}
  {'type': 'list_type', 'loc': ('response', 8, 'evidence_ids'), 'msg': 'Input should be a valid list', 'input': '["E-057"]'}
  {'type': 'list_type', 'loc': ('response', 9, 'evidence_ids'), 'msg': 'Input should be a valid list', 'input': '["E-057"]'}
  {'type': 'list_type', 'loc': ('response', 10, 'evidence_ids'), 'msg': 'Input should be a valid list', 'input': '["E-F6"]'}
  {'type': 'list_type', 'loc': ('response', 11, 'evidence_ids'), 'msg': 'Input should be a valid list', 'input': '["E-F12"]'}
  {'type': 'list_type', 'loc': ('response', 12, 'evidence_ids'), 'msg': 'Input should be a valid list', 'input': '["E-F18"]'}
  {'type': 'list_type', 'loc': ('response', 13, 'evidence_ids'), 'msg': 'Input should be a valid list', 'input': '["E-F24"]'}
  {'type': 'list_type', 'loc': ('response', 14, 'evidence_ids'), 'msg': 'Input should be a valid list', 'input': '["E-058"]'}
  {'type': 'list_type', 'loc': ('response', 15, 'evidence_ids'), 'msg': 'Input should be a valid list', 'input': '["E-F54"]'}
  {'type': 'list_type', 'loc': ('response', 16, 'evidence_ids'), 'msg': 'Input should be a valid list', 'input': '["E-059"]'}
  {'type': 'list_type', 'loc': ('response', 17, 'evidence_ids'), 'msg': 'Input should be a valid list', 'input': '["E-F12"]'}
  {'type': 'list_type', 'loc': ('response', 18, 'evidence_ids'), 'msg': 'Input should be a valid list', 'input': '["E-F18"]'}
  {'type': 'list_type', 'loc': ('response', 19, 'evidence_ids'), 'msg': 'Input should be a valid list', 'input': '["E-F24"]'}
  {'type': 'list_type', 'loc': ('response', 20, 'evidence_ids'), 'msg': 'Input should be a valid list', 'input': '["E-F30"]'}
  {'type': 'list_type', 'loc': ('response', 21, 'evidence_ids'), 'msg': 'Input should be a valid list', 'input': '["E-F36"]'}
  {'type': 'list_type', 'loc': ('response', 22, 'evidence_ids'), 'msg': 'Input should be a valid list', 'input': '["E-F42"]'}
  {'type': 'list_type', 'loc': ('response', 23, 'evidence_ids'), 'msg': 'Input should be a valid list', 'input': '["E-F42"]'}
  {'type': 'list_type', 'loc': ('response', 24, 'evidence_ids'), 'msg': 'Input should be a valid list', 'input': '["E-F48"]'}
  {'type': 'list_type', 'loc': ('response', 25, 'evidence_ids'), 'msg': 'Input should be a valid list', 'input': '["E-F48"]'}
  {'type': 'list_type', 'loc': ('response', 26, 'evidence_ids'), 'msg': 'Input should be a valid list', 'input': '["E-061"]'}
  {'type': 'list_type', 'loc': ('response', 27, 'evidence_ids'), 'msg': 'Input should be a valid list', 'input': '["E-F18"]'}
  {'type': 'list_type', 'loc': ('response', 28, 'evidence_ids'), 'msg': 'Input should be a valid list', 'input': '["E-F24"]'}
  {'type': 'list_type', 'loc': ('response', 29, 'evidence_ids'), 'msg': 'Input should be a valid list', 'input': '["E-F24"]'}
  {'type': 'list_type', 'loc': ('response', 30, 'evidence_ids'), 'msg': 'Input should be a valid list', 'input': '["E-F30"]'}
  {'type': 'list_type', 'loc': ('response', 31, 'evidence_ids'), 'msg': 'Input should be a valid list', 'input': '["E-F30"]'}
  {'type': 'list_type', 'loc': ('response', 32, 'evidence_ids'), 'msg': 'Input should be a valid list', 'input': '["E-F36"]'}
  {'type': 'list_type', 'loc': ('response', 33, 'evidence_ids'), 'msg': 'Input should be a valid list', 'input': '["E-F36"]'}
  {'type': 'list_type', 'loc': ('response', 34, 'evidence_ids'), 'msg': 'Input should be a valid list', 'input': '["E-F42"]'}
  {'type': 'list_type', 'loc': ('response', 35, 'evidence_ids'), 'msg': 'Input should be a valid list', 'input': '["E-F42"]'}
  {'type': 'list_type', 'loc': ('response', 36, 'evidence_ids'), 'msg': 'Input should be a valid list', 'input': '["E-F48"]'}
  {'type': 'list_type', 'loc': ('response', 37, 'evidence_ids'), 'msg': 'Input should be a valid list', 'input': '["E-F48"]'}
  {'type': 'list_type', 'loc': ('response', 38, 'evidence_ids'), 'msg': 'Input should be a valid list', 'input': '["E-064"]'}
  {'type': 'list_type', 'loc': ('response', 39, 'evidence_ids'), 'msg': 'Input should be a valid list', 'input': '["E-F6"]'}
  {'type': 'list_type', 'loc': ('response', 40, 'evidence_ids'), 'msg': 'Input should be a valid list', 'input': '["E-F12"]'}
  {'type': 'list_type', 'loc': ('response', 41, 'evidence_ids'), 'msg': 'Input should be a valid list', 'input': '["E-F18"]'}
  {'type': 'list_type', 'loc': ('response', 42, 'evidence_ids'), 'msg': 'Input should be a valid list', 'input': '["E-F24"]'}
  {'type': 'list_type', 'loc': ('response', 43, 'evidence_ids'), 'msg': 'Input should be a valid list', 'input': '["E-F30"]'}
  {'type': 'list_type', 'loc': ('response', 44, 'evidence_ids'), 'msg': 'Input should be a valid list', 'input': '["E-F36"]'}
  {'type': 'list_type', 'loc': ('response', 45, 'evidence_ids'), 'msg': 'Input should be a valid list', 'input': '["E-F42"]'}
  {'type': 'list_type', 'loc': ('response', 46, 'evidence_ids'), 'msg': 'Input should be a valid list', 'input': '["E-F48"]'}
  {'type': 'list_type', 'loc': ('response', 47, 'evidence_ids'), 'msg': 'Input should be a valid list', 'input': '["E-F48"]'}
  {'type': 'list_type', 'loc': ('response', 48, 'evidence_ids'), 'msg': 'Input should be a valid list', 'input': '["E-F54"]'}
  {'type': 'list_type', 'loc': ('response', 49, 'evidence_ids'), 'msg': 'Input should be a valid list', 'input': '["E-065"]'}
  {'type': 'list_type', 'loc': ('response', 50, 'evidence_ids'), 'msg': 'Input should be a valid list', 'input': '["E-065"]'}
  {'type': 'list_type', 'loc': ('response', 51, 'evidence_ids'), 'msg': 'Input should be a valid list', 'input': '["E-065"]'}
  {'type': 'list_type', 'loc': ('response', 52, 'evidence_ids'), 'msg': 'Input should be a valid list', 'input': '["E-F6"]'}
  {'type': 'list_type', 'loc': ('response', 53, 'evidence_ids'), 'msg': 'Input should be a valid list', 'input': '["E-F6"]'}
  {'type': 'list_type', 'loc': ('response', 54, 'evidence_ids'), 'msg': 'Input should be a valid list', 'input': '["E-F6"]'}
  {'type': 'list_type', 'loc': ('response', 55, 'evidence_ids'), 'msg': 'Input should be a valid list', 'input': '["E-F12"]'}

ERROR:    Exception in ASGI application
Traceback (most recent call last):
  File "C:\Users\Lakha\AppData\Local\Programs\Python\Python311\Lib\site-packages\uvicorn\protocols\http\httptools_impl.py", line 399, in run_asgi
    result = await app(  # type: ignore[func-returns-value]
             ^^^^^^^^^^^^^^^^^^^^^^^^^^^^^^^^^^^^^^^^^^^^^^
  File "C:\Users\Lakha\AppData\Local\Programs\Python\Python311\Lib\site-packages\uvicorn\middleware\proxy_headers.py", line 70, in __call__
    return await self.app(scope, receive, send)
           ^^^^^^^^^^^^^^^^^^^^^^^^^^^^^^^^^^^^
  File "C:\Users\Lakha\AppData\Local\Programs\Python\Python311\Lib\site-packages\fastapi\applications.py", line 1054, in __call__
    await super().__call__(scope, receive, send)
  File "C:\Users\Lakha\AppData\Local\Programs\Python\Python311\Lib\site-packages\starlette\applications.py", line 123, in __call__
    await self.middleware_stack(scope, receive, send)
  File "C:\Users\Lakha\AppData\Local\Programs\Python\Python311\Lib\site-packages\starlette\middleware\errors.py", line 186, in __call__
    raise exc
  File "C:\Users\Lakha\AppData\Local\Programs\Python\Python311\Lib\site-packages\starlette\middleware\errors.py", line 164, in __call__
    await self.app(scope, receive, _send)
  File "C:\Users\Lakha\AppData\Local\Programs\Python\Python311\Lib\site-packages\starlette\middleware\cors.py", line 85, in __call__
    await self.app(scope, receive, send)
  File "C:\Users\Lakha\AppData\Local\Programs\Python\Python311\Lib\site-packages\starlette\middleware\exceptions.py", line 65, in __call__
    await wrap_app_handling_exceptions(self.app, conn)(scope, receive, send)
  File "C:\Users\Lakha\AppData\Local\Programs\Python\Python311\Lib\site-packages\starlette\_exception_handler.py", line 64, in wrapped_app
    raise exc
  File "C:\Users\Lakha\AppData\Local\Programs\Python\Python311\Lib\site-packages\starlette\_exception_handler.py", line 53, in wrapped_app
    await app(scope, receive, sender)
  File "C:\Users\Lakha\AppData\Local\Programs\Python\Python311\Lib\site-packages\starlette\routing.py", line 756, in __call__
    await self.middleware_stack(scope, receive, send)
  File "C:\Users\Lakha\AppData\Local\Programs\Python\Python311\Lib\site-packages\starlette\routing.py", line 776, in app
    await route.handle(scope, receive, send)
  File "C:\Users\Lakha\AppData\Local\Programs\Python\Python311\Lib\site-packages\starlette\routing.py", line 297, in handle
    await self.app(scope, receive, send)
  File "C:\Users\Lakha\AppData\Local\Programs\Python\Python311\Lib\site-packages\starlette\routing.py", line 77, in app
    await wrap_app_handling_exceptions(app, request)(scope, receive, send)
  File "C:\Users\Lakha\AppData\Local\Programs\Python\Python311\Lib\site-packages\starlette\_exception_handler.py", line 64, in wrapped_app
    raise exc
  File "C:\Users\Lakha\AppData\Local\Programs\Python\Python311\Lib\site-packages\starlette\_exception_handler.py", line 53, in wrapped_app
    await app(scope, receive, sender)
  File "C:\Users\Lakha\AppData\Local\Programs\Python\Python311\Lib\site-packages\starlette\routing.py", line 72, in app
    response = await func(request)
               ^^^^^^^^^^^^^^^^^^^
  File "C:\Users\Lakha\AppData\Local\Programs\Python\Python311\Lib\site-packages\fastapi\routing.py", line 296, in app
    content = await serialize_response(
              ^^^^^^^^^^^^^^^^^^^^^^^^^
  File "C:\Users\Lakha\AppData\Local\Programs\Python\Python311\Lib\site-packages\fastapi\routing.py", line 155, in serialize_response
    raise ResponseValidationError(
fastapi.exceptions.ResponseValidationError: 56 validation errors:
  {'type': 'list_type', 'loc': ('response', 0, 'evidence_ids'), 'msg': 'Input should be a valid list', 'input': '["E-056"]'}
  {'type': 'list_type', 'loc': ('response', 1, 'evidence_ids'), 'msg': 'Input should be a valid list', 'input': '["E-F18"]'}
  {'type': 'list_type', 'loc': ('response', 2, 'evidence_ids'), 'msg': 'Input should be a valid list', 'input': '["E-F24"]'}
  {'type': 'list_type', 'loc': ('response', 3, 'evidence_ids'), 'msg': 'Input should be a valid list', 'input': '["E-F30"]'}
  {'type': 'list_type', 'loc': ('response', 4, 'evidence_ids'), 'msg': 'Input should be a valid list', 'input': '["E-F36"]'}
  {'type': 'list_type', 'loc': ('response', 5, 'evidence_ids'), 'msg': 'Input should be a valid list', 'input': '["E-F42"]'}
  {'type': 'list_type', 'loc': ('response', 6, 'evidence_ids'), 'msg': 'Input should be a valid list', 'input': '["E-F48"]'}
  {'type': 'list_type', 'loc': ('response', 7, 'evidence_ids'), 'msg': 'Input should be a valid list', 'input': '["E-F54"]'}
  {'type': 'list_type', 'loc': ('response', 8, 'evidence_ids'), 'msg': 'Input should be a valid list', 'input': '["E-057"]'}
  {'type': 'list_type', 'loc': ('response', 9, 'evidence_ids'), 'msg': 'Input should be a valid list', 'input': '["E-057"]'}
  {'type': 'list_type', 'loc': ('response', 10, 'evidence_ids'), 'msg': 'Input should be a valid list', 'input': '["E-F6"]'}
  {'type': 'list_type', 'loc': ('response', 11, 'evidence_ids'), 'msg': 'Input should be a valid list', 'input': '["E-F12"]'}
  {'type': 'list_type', 'loc': ('response', 12, 'evidence_ids'), 'msg': 'Input should be a valid list', 'input': '["E-F18"]'}
  {'type': 'list_type', 'loc': ('response', 13, 'evidence_ids'), 'msg': 'Input should be a valid list', 'input': '["E-F24"]'}
  {'type': 'list_type', 'loc': ('response', 14, 'evidence_ids'), 'msg': 'Input should be a valid list', 'input': '["E-058"]'}
  {'type': 'list_type', 'loc': ('response', 15, 'evidence_ids'), 'msg': 'Input should be a valid list', 'input': '["E-F54"]'}
  {'type': 'list_type', 'loc': ('response', 16, 'evidence_ids'), 'msg': 'Input should be a valid list', 'input': '["E-059"]'}
  {'type': 'list_type', 'loc': ('response', 17, 'evidence_ids'), 'msg': 'Input should be a valid list', 'input': '["E-F12"]'}
  {'type': 'list_type', 'loc': ('response', 18, 'evidence_ids'), 'msg': 'Input should be a valid list', 'input': '["E-F18"]'}
  {'type': 'list_type', 'loc': ('response', 19, 'evidence_ids'), 'msg': 'Input should be a valid list', 'input': '["E-F24"]'}
  {'type': 'list_type', 'loc': ('response', 20, 'evidence_ids'), 'msg': 'Input should be a valid list', 'input': '["E-F30"]'}
  {'type': 'list_type', 'loc': ('response', 21, 'evidence_ids'), 'msg': 'Input should be a valid list', 'input': '["E-F36"]'}
  {'type': 'list_type', 'loc': ('response', 22, 'evidence_ids'), 'msg': 'Input should be a valid list', 'input': '["E-F42"]'}
  {'type': 'list_type', 'loc': ('response', 23, 'evidence_ids'), 'msg': 'Input should be a valid list', 'input': '["E-F42"]'}
  {'type': 'list_type', 'loc': ('response', 24, 'evidence_ids'), 'msg': 'Input should be a valid list', 'input': '["E-F48"]'}
  {'type': 'list_type', 'loc': ('response', 25, 'evidence_ids'), 'msg': 'Input should be a valid list', 'input': '["E-F48"]'}
  {'type': 'list_type', 'loc': ('response', 26, 'evidence_ids'), 'msg': 'Input should be a valid list', 'input': '["E-061"]'}
  {'type': 'list_type', 'loc': ('response', 27, 'evidence_ids'), 'msg': 'Input should be a valid list', 'input': '["E-F18"]'}
  {'type': 'list_type', 'loc': ('response', 28, 'evidence_ids'), 'msg': 'Input should be a valid list', 'input': '["E-F24"]'}
  {'type': 'list_type', 'loc': ('response', 29, 'evidence_ids'), 'msg': 'Input should be a valid list', 'input': '["E-F24"]'}
  {'type': 'list_type', 'loc': ('response', 30, 'evidence_ids'), 'msg': 'Input should be a valid list', 'input': '["E-F30"]'}
  {'type': 'list_type', 'loc': ('response', 31, 'evidence_ids'), 'msg': 'Input should be a valid list', 'input': '["E-F30"]'}
  {'type': 'list_type', 'loc': ('response', 32, 'evidence_ids'), 'msg': 'Input should be a valid list', 'input': '["E-F36"]'}
  {'type': 'list_type', 'loc': ('response', 33, 'evidence_ids'), 'msg': 'Input should be a valid list', 'input': '["E-F36"]'}
  {'type': 'list_type', 'loc': ('response', 34, 'evidence_ids'), 'msg': 'Input should be a valid list', 'input': '["E-F42"]'}
  {'type': 'list_type', 'loc': ('response', 35, 'evidence_ids'), 'msg': 'Input should be a valid list', 'input': '["E-F42"]'}
  {'type': 'list_type', 'loc': ('response', 36, 'evidence_ids'), 'msg': 'Input should be a valid list', 'input': '["E-F48"]'}
  {'type': 'list_type', 'loc': ('response', 37, 'evidence_ids'), 'msg': 'Input should be a valid list', 'input': '["E-F48"]'}
  {'type': 'list_type', 'loc': ('response', 38, 'evidence_ids'), 'msg': 'Input should be a valid list', 'input': '["E-064"]'}
  {'type': 'list_type', 'loc': ('response', 39, 'evidence_ids'), 'msg': 'Input should be a valid list', 'input': '["E-F6"]'}
  {'type': 'list_type', 'loc': ('response', 40, 'evidence_ids'), 'msg': 'Input should be a valid list', 'input': '["E-F12"]'}
  {'type': 'list_type', 'loc': ('response', 41, 'evidence_ids'), 'msg': 'Input should be a valid list', 'input': '["E-F18"]'}
  {'type': 'list_type', 'loc': ('response', 42, 'evidence_ids'), 'msg': 'Input should be a valid list', 'input': '["E-F24"]'}
  {'type': 'list_type', 'loc': ('response', 43, 'evidence_ids'), 'msg': 'Input should be a valid list', 'input': '["E-F30"]'}
  {'type': 'list_type', 'loc': ('response', 44, 'evidence_ids'), 'msg': 'Input should be a valid list', 'input': '["E-F36"]'}
  {'type': 'list_type', 'loc': ('response', 45, 'evidence_ids'), 'msg': 'Input should be a valid list', 'input': '["E-F42"]'}
  {'type': 'list_type', 'loc': ('response', 46, 'evidence_ids'), 'msg': 'Input should be a valid list', 'input': '["E-F48"]'}
  {'type': 'list_type', 'loc': ('response', 47, 'evidence_ids'), 'msg': 'Input should be a valid list', 'input': '["E-F48"]'}
  {'type': 'list_type', 'loc': ('response', 48, 'evidence_ids'), 'msg': 'Input should be a valid list', 'input': '["E-F54"]'}
  {'type': 'list_type', 'loc': ('response', 49, 'evidence_ids'), 'msg': 'Input should be a valid list', 'input': '["E-065"]'}
  {'type': 'list_type', 'loc': ('response', 50, 'evidence_ids'), 'msg': 'Input should be a valid list', 'input': '["E-065"]'}
  {'type': 'list_type', 'loc': ('response', 51, 'evidence_ids'), 'msg': 'Input should be a valid list', 'input': '["E-065"]'}
  {'type': 'list_type', 'loc': ('response', 52, 'evidence_ids'), 'msg': 'Input should be a valid list', 'input': '["E-F6"]'}
  {'type': 'list_type', 'loc': ('response', 53, 'evidence_ids'), 'msg': 'Input should be a valid list', 'input': '["E-F6"]'}
  {'type': 'list_type', 'loc': ('response', 54, 'evidence_ids'), 'msg': 'Input should be a valid list', 'input': '["E-F6"]'}
  {'type': 'list_type', 'loc': ('response', 55, 'evidence_ids'), 'msg': 'Input should be a valid list', 'input': '["E-F12"]'}

ERROR:    Exception in ASGI application
Traceback (most recent call last):
  File "C:\Users\Lakha\AppData\Local\Programs\Python\Python311\Lib\site-packages\uvicorn\protocols\http\httptools_impl.py", line 399, in run_asgi
    result = await app(  # type: ignore[func-returns-value]
             ^^^^^^^^^^^^^^^^^^^^^^^^^^^^^^^^^^^^^^^^^^^^^^
  File "C:\Users\Lakha\AppData\Local\Programs\Python\Python311\Lib\site-packages\uvicorn\middleware\proxy_headers.py", line 70, in __call__
    return await self.app(scope, receive, send)
           ^^^^^^^^^^^^^^^^^^^^^^^^^^^^^^^^^^^^
  File "C:\Users\Lakha\AppData\Local\Programs\Python\Python311\Lib\site-packages\fastapi\applications.py", line 1054, in __call__
    await super().__call__(scope, receive, send)
  File "C:\Users\Lakha\AppData\Local\Programs\Python\Python311\Lib\site-packages\starlette\applications.py", line 123, in __call__
    await self.middleware_stack(scope, receive, send)
  File "C:\Users\Lakha\AppData\Local\Programs\Python\Python311\Lib\site-packages\starlette\middleware\errors.py", line 186, in __call__
    raise exc
  File "C:\Users\Lakha\AppData\Local\Programs\Python\Python311\Lib\site-packages\starlette\middleware\errors.py", line 164, in __call__
    await self.app(scope, receive, _send)
  File "C:\Users\Lakha\AppData\Local\Programs\Python\Python311\Lib\site-packages\starlette\middleware\cors.py", line 85, in __call__
    await self.app(scope, receive, send)
  File "C:\Users\Lakha\AppData\Local\Programs\Python\Python311\Lib\site-packages\starlette\middleware\exceptions.py", line 65, in __call__
    await wrap_app_handling_exceptions(self.app, conn)(scope, receive, send)
  File "C:\Users\Lakha\AppData\Local\Programs\Python\Python311\Lib\site-packages\starlette\_exception_handler.py", line 64, in wrapped_app
    raise exc
  File "C:\Users\Lakha\AppData\Local\Programs\Python\Python311\Lib\site-packages\starlette\_exception_handler.py", line 53, in wrapped_app
    await app(scope, receive, sender)
  File "C:\Users\Lakha\AppData\Local\Programs\Python\Python311\Lib\site-packages\starlette\routing.py", line 756, in __call__
    await self.middleware_stack(scope, receive, send)
  File "C:\Users\Lakha\AppData\Local\Programs\Python\Python311\Lib\site-packages\starlette\routing.py", line 776, in app
    await route.handle(scope, receive, send)
  File "C:\Users\Lakha\AppData\Local\Programs\Python\Python311\Lib\site-packages\starlette\routing.py", line 297, in handle
    await self.app(scope, receive, send)
  File "C:\Users\Lakha\AppData\Local\Programs\Python\Python311\Lib\site-packages\starlette\routing.py", line 77, in app
    await wrap_app_handling_exceptions(app, request)(scope, receive, send)
  File "C:\Users\Lakha\AppData\Local\Programs\Python\Python311\Lib\site-packages\starlette\_exception_handler.py", line 64, in wrapped_app
    raise exc
  File "C:\Users\Lakha\AppData\Local\Programs\Python\Python311\Lib\site-packages\starlette\_exception_handler.py", line 53, in wrapped_app
    await app(scope, receive, sender)
  File "C:\Users\Lakha\AppData\Local\Programs\Python\Python311\Lib\site-packages\starlette\routing.py", line 72, in app
    response = await func(request)
               ^^^^^^^^^^^^^^^^^^^
  File "C:\Users\Lakha\AppData\Local\Programs\Python\Python311\Lib\site-packages\fastapi\routing.py", line 296, in app
    content = await serialize_response(
              ^^^^^^^^^^^^^^^^^^^^^^^^^
  File "C:\Users\Lakha\AppData\Local\Programs\Python\Python311\Lib\site-packages\fastapi\routing.py", line 155, in serialize_response
    raise ResponseValidationError(
fastapi.exceptions.ResponseValidationError: 56 validation errors:
  {'type': 'list_type', 'loc': ('response', 0, 'evidence_ids'), 'msg': 'Input should be a valid list', 'input': '["E-056"]'}
  {'type': 'list_type', 'loc': ('response', 1, 'evidence_ids'), 'msg': 'Input should be a valid list', 'input': '["E-F18"]'}
  {'type': 'list_type', 'loc': ('response', 2, 'evidence_ids'), 'msg': 'Input should be a valid list', 'input': '["E-F24"]'}
  {'type': 'list_type', 'loc': ('response', 3, 'evidence_ids'), 'msg': 'Input should be a valid list', 'input': '["E-F30"]'}
  {'type': 'list_type', 'loc': ('response', 4, 'evidence_ids'), 'msg': 'Input should be a valid list', 'input': '["E-F36"]'}
  {'type': 'list_type', 'loc': ('response', 5, 'evidence_ids'), 'msg': 'Input should be a valid list', 'input': '["E-F42"]'}
  {'type': 'list_type', 'loc': ('response', 6, 'evidence_ids'), 'msg': 'Input should be a valid list', 'input': '["E-F48"]'}
  {'type': 'list_type', 'loc': ('response', 7, 'evidence_ids'), 'msg': 'Input should be a valid list', 'input': '["E-F54"]'}
  {'type': 'list_type', 'loc': ('response', 8, 'evidence_ids'), 'msg': 'Input should be a valid list', 'input': '["E-057"]'}
  {'type': 'list_type', 'loc': ('response', 9, 'evidence_ids'), 'msg': 'Input should be a valid list', 'input': '["E-057"]'}
  {'type': 'list_type', 'loc': ('response', 10, 'evidence_ids'), 'msg': 'Input should be a valid list', 'input': '["E-F6"]'}
  {'type': 'list_type', 'loc': ('response', 11, 'evidence_ids'), 'msg': 'Input should be a valid list', 'input': '["E-F12"]'}
  {'type': 'list_type', 'loc': ('response', 12, 'evidence_ids'), 'msg': 'Input should be a valid list', 'input': '["E-F18"]'}
  {'type': 'list_type', 'loc': ('response', 13, 'evidence_ids'), 'msg': 'Input should be a valid list', 'input': '["E-F24"]'}
  {'type': 'list_type', 'loc': ('response', 14, 'evidence_ids'), 'msg': 'Input should be a valid list', 'input': '["E-058"]'}
  {'type': 'list_type', 'loc': ('response', 15, 'evidence_ids'), 'msg': 'Input should be a valid list', 'input': '["E-F54"]'}
  {'type': 'list_type', 'loc': ('response', 16, 'evidence_ids'), 'msg': 'Input should be a valid list', 'input': '["E-059"]'}
  {'type': 'list_type', 'loc': ('response', 17, 'evidence_ids'), 'msg': 'Input should be a valid list', 'input': '["E-F12"]'}
  {'type': 'list_type', 'loc': ('response', 18, 'evidence_ids'), 'msg': 'Input should be a valid list', 'input': '["E-F18"]'}
  {'type': 'list_type', 'loc': ('response', 19, 'evidence_ids'), 'msg': 'Input should be a valid list', 'input': '["E-F24"]'}
  {'type': 'list_type', 'loc': ('response', 20, 'evidence_ids'), 'msg': 'Input should be a valid list', 'input': '["E-F30"]'}
  {'type': 'list_type', 'loc': ('response', 21, 'evidence_ids'), 'msg': 'Input should be a valid list', 'input': '["E-F36"]'}
  {'type': 'list_type', 'loc': ('response', 22, 'evidence_ids'), 'msg': 'Input should be a valid list', 'input': '["E-F42"]'}
  {'type': 'list_type', 'loc': ('response', 23, 'evidence_ids'), 'msg': 'Input should be a valid list', 'input': '["E-F42"]'}
  {'type': 'list_type', 'loc': ('response', 24, 'evidence_ids'), 'msg': 'Input should be a valid list', 'input': '["E-F48"]'}
  {'type': 'list_type', 'loc': ('response', 25, 'evidence_ids'), 'msg': 'Input should be a valid list', 'input': '["E-F48"]'}
  {'type': 'list_type', 'loc': ('response', 26, 'evidence_ids'), 'msg': 'Input should be a valid list', 'input': '["E-061"]'}
  {'type': 'list_type', 'loc': ('response', 27, 'evidence_ids'), 'msg': 'Input should be a valid list', 'input': '["E-F18"]'}
  {'type': 'list_type', 'loc': ('response', 28, 'evidence_ids'), 'msg': 'Input should be a valid list', 'input': '["E-F24"]'}
  {'type': 'list_type', 'loc': ('response', 29, 'evidence_ids'), 'msg': 'Input should be a valid list', 'input': '["E-F24"]'}
  {'type': 'list_type', 'loc': ('response', 30, 'evidence_ids'), 'msg': 'Input should be a valid list', 'input': '["E-F30"]'}
  {'type': 'list_type', 'loc': ('response', 31, 'evidence_ids'), 'msg': 'Input should be a valid list', 'input': '["E-F30"]'}
  {'type': 'list_type', 'loc': ('response', 32, 'evidence_ids'), 'msg': 'Input should be a valid list', 'input': '["E-F36"]'}
  {'type': 'list_type', 'loc': ('response', 33, 'evidence_ids'), 'msg': 'Input should be a valid list', 'input': '["E-F36"]'}
  {'type': 'list_type', 'loc': ('response', 34, 'evidence_ids'), 'msg': 'Input should be a valid list', 'input': '["E-F42"]'}
  {'type': 'list_type', 'loc': ('response', 35, 'evidence_ids'), 'msg': 'Input should be a valid list', 'input': '["E-F42"]'}
  {'type': 'list_type', 'loc': ('response', 36, 'evidence_ids'), 'msg': 'Input should be a valid list', 'input': '["E-F48"]'}
  {'type': 'list_type', 'loc': ('response', 37, 'evidence_ids'), 'msg': 'Input should be a valid list', 'input': '["E-F48"]'}
  {'type': 'list_type', 'loc': ('response', 38, 'evidence_ids'), 'msg': 'Input should be a valid list', 'input': '["E-064"]'}
  {'type': 'list_type', 'loc': ('response', 39, 'evidence_ids'), 'msg': 'Input should be a valid list', 'input': '["E-F6"]'}
  {'type': 'list_type', 'loc': ('response', 40, 'evidence_ids'), 'msg': 'Input should be a valid list', 'input': '["E-F12"]'}
  {'type': 'list_type', 'loc': ('response', 41, 'evidence_ids'), 'msg': 'Input should be a valid list', 'input': '["E-F18"]'}
  {'type': 'list_type', 'loc': ('response', 42, 'evidence_ids'), 'msg': 'Input should be a valid list', 'input': '["E-F24"]'}
  {'type': 'list_type', 'loc': ('response', 43, 'evidence_ids'), 'msg': 'Input should be a valid list', 'input': '["E-F30"]'}
  {'type': 'list_type', 'loc': ('response', 44, 'evidence_ids'), 'msg': 'Input should be a valid list', 'input': '["E-F36"]'}
  {'type': 'list_type', 'loc': ('response', 45, 'evidence_ids'), 'msg': 'Input should be a valid list', 'input': '["E-F42"]'}
  {'type': 'list_type', 'loc': ('response', 46, 'evidence_ids'), 'msg': 'Input should be a valid list', 'input': '["E-F48"]'}
  {'type': 'list_type', 'loc': ('response', 47, 'evidence_ids'), 'msg': 'Input should be a valid list', 'input': '["E-F48"]'}
  {'type': 'list_type', 'loc': ('response', 48, 'evidence_ids'), 'msg': 'Input should be a valid list', 'input': '["E-F54"]'}
  {'type': 'list_type', 'loc': ('response', 49, 'evidence_ids'), 'msg': 'Input should be a valid list', 'input': '["E-065"]'}
  {'type': 'list_type', 'loc': ('response', 50, 'evidence_ids'), 'msg': 'Input should be a valid list', 'input': '["E-065"]'}
  {'type': 'list_type', 'loc': ('response', 51, 'evidence_ids'), 'msg': 'Input should be a valid list', 'input': '["E-065"]'}
  {'type': 'list_type', 'loc': ('response', 52, 'evidence_ids'), 'msg': 'Input should be a valid list', 'input': '["E-F6"]'}
  {'type': 'list_type', 'loc': ('response', 53, 'evidence_ids'), 'msg': 'Input should be a valid list', 'input': '["E-F6"]'}
  {'type': 'list_type', 'loc': ('response', 54, 'evidence_ids'), 'msg': 'Input should be a valid list', 'input': '["E-F6"]'}
  {'type': 'list_type', 'loc': ('response', 55, 'evidence_ids'), 'msg': 'Input should be a valid list', 'input': '["E-F12"]'}

